id,label,start,end,text,doc_id
5497,c: besluit datum,129,146,22 september 2022,81
5498,c: verzoek datum,169,185,12 augustus 2022,81
5499,c: ontvangst verzoek bevestigd,695,711,17 augustus 2022,81
5500,DATE+,842,859,22 september 2022,81
5501,DATE+,1184,1201,22 september 2022,81
5502,DATE+,1376,1386,28-04-2017,81
5503,DATE+,1451,1460,26-6-2017,81
5504,DATE+,1503,1513,27-05-2019,81
5505,DATE+,1576,1586,10-10-2019,81
5506,DATE+,1651,1661,28-10-2019,81
7778,title,24,102,Besluit+op+Woo-verzoek+over+vaststelling+fosfaatrechten+en+referentiedatum.pdf,81
7779,ID,9,11,81,81
7780,event,123,128,Datum,81
7782,event,186,274,"heeft u, namens uw cliënt, met een beroep op de Wet open overheid (hierna: Woo) verzocht",81
8278,event,630,690,ontvangst van uw verzoek is schriftelijk bevestigd bij brief,81
5517,c: besluit datum,156,167,31 MEI 2022,65
5518,c: verzoek datum,189,204,9 december 2021,65
5519,DATE+,305,321,25 februari 2020,65
5520,DATE+,333,348,9 december 2021,65
5521,c: inwerking treden van Woo,844,854,1 mei 2022,65
5522,c: inwerking treden van Woo,975,980,1 mei,65
5523,c: verzoek datum,1023,1038,9 december 2021,65
5524,c: ontvangst verzoek bevestigd,1082,1098,10 december 2021,65
5525,c: overig,1171,1184,12 april 2022,65
7801,ID,9,11,65,65
7802,title,24,100,2e_deelbesluit_op_op_Wob-Woo-verzoek_over_plannen_hyperscale_datacenters.pdf,65
7803,event,205,238,heeft u een Wob-verzoek ingediend,65
7806,event,855,914,is de Wob vervangen door de Wet open overheid (hierna: Woo),65
7807,event,984,993,Woo geldt,65
7810,event,1099,1137,is uw verzoek voor ontvangst bevestigd,65
7811,event,1146,1167,eerste deelbesluit is,65
7812,event,1185,1192,genomen,65
8349,event,154,155,2,65
10772,event,1014,1019,heeft,65
10773,event,1042,1063,Wob-verzoek ingediend,65
5531,c: besluit datum,55,67,26 juli 2022,57
5532,DATE+,104,111,22-0097,57
5533,c: verzoek datum,133,148,1 februari 2022,57
5534,c: verzoek ontvangen,163,178,1 februari 2022,57
5535,DATE+,373,377,2021,57
5536,DATE+,581,585,2021,57
5537,DATE+,635,639,2021,57
5538,c: ontvangst verzoek bevestigd,712,727,1 februari 2022,57
5539,c: beslistermijn verdaagd,768,784,28 februari 2022,57
5540,c: inwerking treden van Woo,836,846,1 mei 2022,57
5541,DATE+,1096,1100,2021,57
5542,DATE+,1165,1172,22-0097,57
5543,DATE+,1328,1332,2021,57
5544,DATE+,1424,1428,2021,57
5545,c: contact,1484,1497,29 maart 2022,57
5546,DATE+,1864,1871,22-0097,57
7821,ID,9,11,57,57
7822,title,24,43,22-0097-besluit.pdf,57
7823,event,48,53,Datum,57
7824,event,180,254,verzocht u met een beroep op de Wet openbaarheid van bestuur (hierna: Wob),57
7826,event,150,159,ontvangen,57
7827,event,647,707,ontvangst van uw verzoek is schriftelijk bevestigd bij brief,57
7828,event,785,828,is de beslistermijn met vier weken verdaagd,57
7829,event,847,928,is de Wet open overheid (hierna: Woo) inwerking getreden en is de Wob ingetrokken,57
10740,event,1498,1677,bent u geïnformeerd dat er derde belanghebbenden bij de openbaarmaking van de documenten zijn betrokken en dat deze in de gelegenheid zijn gesteld hierover een zienswijze te geven,57
5549,DATE+,332,342,22-0267Woo,59
5550,c: besluit datum,378,393,11 oktober 2022,59
5551,c: verzoek datum,465,478,29 maart 2022,59
5552,c: verzoek ontvangen,492,505,31 maart 2022,59
5553,DATE+,737,741,2014,59
5554,DATE+,1022,1026,2014,59
5555,c: ontvangst verzoek bevestigd,1185,1198,31 maart 2022,59
5556,c: overig,1297,1309,22 juni 2022,59
5557,DATE+,1342,1354,21 juni 2022,59
5558,DATE+,1429,1436,22-0267,59
5559,c: overig,1444,1455,8 juli 2022,59
5560,c: overig,1511,1525,4 oktober 2022,59
5561,DATE+,1680,1685,"100,-",59
5562,c: contact,1814,1828,7 oktober 2022,59
5563,c: overig,1962,1976,7 oktober 2022,59
5564,DATE+,2263,2270,22-0267,59
7831,ID,9,11,59,59
7832,title,24,43,22-0267-besluit.pdf,59
7833,event,358,377,Datum: verzonden op,59
7834,event,506,515,ontvangen,59
7835,event,517,623,heeft u de Nederlandse Voedsel- en Warenautoriteit (hierna: NVWA) gevraagd om informatie openbaar te maken,59
7836,event,1199,1289,heeft u per aangetekende brief bericht ontvangen dat uw verzoek in goede orde is ontvangen,59
7837,event,1310,1364,heb ik uw ingebrekestelling van 21 juni 2022 ontvangen,59
7838,event,1526,1610,heb ik van de Rechtbank Overijssel de uitspraak op het bovengenoemd beroep ontvangen,59
7839,event,1828,1942, heb ik uw verzoek voor wat betreft de onderdelen 1 en 2 doorgestuurd aan RVO en u daarover per brief geïnformeerd,59
7840,event,1977,2072,heb ik echter van RVO vernomen dat RVO al een identiek verzoek van u in behandeling had genomen,59
7841,event,1456,1503,heb ik een kopie van uw beroepschrift ontvangen,59
5565,DATE+,81,90,12-5-2022,93
5566,DATE+,115,128,12 april 2022,93
5567,c: besluit datum,148,160,28 juli 2022,93
5568,c: verzoek datum,279,292,12 april 2022,93
5569,c: ontvangst verzoek bevestigd,789,802,22 april 2022,93
5570,c: beslistermijn verdaagd,839,849,9 mei 2022,93
5571,DATE+,944,955,24 mei 2022,93
5572,c: inwerking treden van Woo,975,985,1 mei 2022,93
5573,DATE+,1255,1259,2017,93
5574,DATE+,1294,1298,2019,93
5575,DATE+,1726,1732,34 775,93
7842,ID,9,11,93,93
7843,title,24,76,besluit-op-wob-verzoek-over-anti-witwasrichtlijn.pdf,93
7845,event,142,147,Datum,93
7846,event,293,405,heeft u met een beroep op de Wet openbaarheid van bestuur (hierna: Wob) gevraagd om informatie openbaar te maken,93
7848,event,720,784,ontvangst van uw verzoek heb ik schriftelijk bevestigd bij brief,93
7849,event,850,891,heb ik uw verzoek met twee weken verdaagd,93
7850,event,986,1045,is de Wob vervangen door de Wet open overheid (hierna: Woo),93
5598,DATE+,338,349,27 augustus,102
5599,c: besluit datum,360,373,11 april 2022,102
5600,DATE+,445,449,2011,102
5601,c: verzoek datum,482,498,27 augustus 2021,102
5602,c: verzoek ontvangen,513,529,30 augustus 2021,102
5603,DATE+,756,760,2011,102
5604,c: ontvangst verzoek bevestigd,849,865,2 september 2021,102
5605,DATE+,966,981,25 oktober 2021,102
5606,c: contact,989,1006,21 september 2012,102
7863,ID,9,12,102,102
7864,title,25,50,besluit-wob-laadpalen.pdf,102
7865,event,354,359,Datum,102
7867,event,500,509,ontvangen,102
7868,event,531,625,heeft u met een beroep op de Wet openbaarheid van bestuur (hierna: Wob) verzocht om documenten,102
7871,event,778,844,ontvangst van uw verzoek heb ik u schriftelijk bevestigd bij brief,102
10739,event,1007,1094,hebben medewerkers van mijn ministerie met u gesproken over de invulling van uw verzoek,102
5795,c: verzoek datum,69,81,30 juli 2020,67
5796,DATE+,218,222,2015,67
5797,c: overig,517,529,30 juli 2020,67
5798,c: besluit datum,967,982,20 januari 2022,67
7906,ID,9,11,67,67
7907,title,24,61,4-2020-0848-001-wob-deelbesluit-2.pdf,67
8346,event,82,110,is een Wob-verzoek ingediend,67
8347,event,530,628,is het verzoek aangemerkt als een verzoek in gevolge de Wet openbaarheid van bestuur (hierna: Wob),67
8348,event,960,965,Datum,67
5884,DATE+,86,88,50,28
5885,c: besluit datum,228,239,8 juli 2022,28
5886,c: verzoek datum,306,319,29 maart 2022,28
5887,c: contact,612,625,12 april 2022,28
5888,c: overig,708,721,20 april 2022,28
5889,DATE+,862,873,24 mei 2022,28
5890,c: contact,890,901,24 mei 2022,28
5891,DATE+,1084,1096,22 juni 2022,28
5892,c: contact,1120,1132,21 juni 2022,28
5893,c: inwerking treden van Woo,1178,1188,1 mei 2022,28
5894,c: inwerking treden van Woo,1317,1327,1 mei 2022,28
7934,ID,9,11,28,28
7935,title,24,65,2022-018_Besluit_Wob-Woo_verzoek_NPLO.pdf,28
7936,event,221,227,D atum,28
7937,event,398,509,"heeft u het ministerie van Onderwijs, Cultuur en Wetenschap (hierna: OCW) gevraagd informatie openbaar te maken",28
7939,event,626,661,heeft er een gesprek plaatsgevonden,28
7940,event,722,820,heeft u een formele ontvangstbevestiging ontvangen waarin de bovenstaande afspraken zijn bevestigd,28
7941,event,902,1018,heeft een Woo-jurist van OCW telefonisch contact met u opgenomen en aangegeven dat de termijn onhaalbaar is gebleken,28
7942,event,1110,1116,bent u,28
7943,event,1133,1153,op de hoogte gesteld,28
7944,event,1189,1306,is de Wet open overheid (hierna: Woo) in werking getreden waarmee de Wet openbaarheid van bestuur niet meer geldig is,28
8283,event,1328,1372,kan ik daarom geen Wob-besluiten meer nieten,28
6112,DATE+,88,104,17 februari 2022,110
6113,c: besluit datum,115,128,14 maart 2022,110
6114,c: verzoek datum,195,211,17 februari 2022,110
6115,DATE+,288,292,2001,110
6116,c: ontvangst verzoek bevestigd,371,383,3 maart 2022,110
6117,DATE+,565,569,2001,110
6118,DATE+,744,748,2001,110
8002,ID,9,12,110,110
8004,title,25,83,besluit-wob-totstandkoming-wet-inkomstenbelasting-2001.pdf,110
8006,event,109,114,Datum,110
8007,event,212,234,verzocht om informatie,110
8008,event,184,191,heeft u,110
8009,event,300,366,ontvangst van uw verzoek heb ik u schriftelijk bevestigd bij brief,110
6119,DATE+,100,104,1087,32
6120,c: besluit datum,297,314,20 september 2022,32
6121,c: verzoek datum,525,541,5 september 2022,32
6122,DATE+,810,822,28 juli 2022,32
8010,ID,9,11,32,32
8011,title,24,44,2022-076-besluit.pdf,32
8012,event,291,296,Datum,32
8013,event,582,699," heeft u het ministerie van Onderwijs, Cultuur en Wetenschap verzocht om een specifieke beschikking openbaar te maken",32
6159,c: verzoek datum,96,112,24 augustus 2021,76
6160,c: overig,267,283,30 augustus 2021,76
6161,c: besluit datum,394,407,13 april 2022,76
8021,ID,9,11,76,76
8022,title,24,88,Besluit+geanonimiseerde+getuigenverklaringen+dossier+2007885.pdf,76
8287,event,113,155,is een verzoek ingediend om openbaarmaking,76
8288,event,284,382,is het verzoek aangemerkt als een verzoek in gevolge de Wet openbaarheid van bestuur (hierna: Wob),76
8289,event,387,392,Datum,76
6196,DATE+,87,102,17 januari 2021,107
6197,c: besluit datum,109,121,4 april 2022,107
6198,c: verzoek datum,144,159,17 januari 2021,107
6199,DATE+,491,501,36 maanden,107
6200,c: ontvangst verzoek bevestigd,722,737,21 januari 2021,107
6201,DATE+,834,847,15 maart 2021,107
8048,ID,9,12,107,107
8049,title,25,70,besluit-wob-regeling-overdrachtsbelasting.pdf,107
8050,event,103,108,Datum,107
8052,event,651,717,ontvangst van uw verzoek heb ik u schriftelijk bevestigd bij brief,107
8290,event,160,254,heeft u met een beroep op de Wet openbaarheid van bestuur (hierna: Wob) verzocht om informatie,107
6202,DATE+,111,126,1 augustus 2021,114
6203,c: besluit datum,137,150,25 maart 2022,114
6204,c: verzoek datum,173,188,1 augustus 2021,114
6205,c: ontvangst verzoek bevestigd,388,404,10 augustus 2021,114
6206,DATE+,505,521,27 augustus 2021,114
6207,c: contact,529,542,augustus 2021,114
6208,c: contact,700,715,2 november 2021,114
6209,c: overig,811,827,30 november 2021,114
6210,c: overig,975,990,1 december 2021,114
8053,ID,9,12,114,114
8056,title,25,87,besluit-wob-verzoek-verkenning-ai-toepassingen-door-douane.pdf,114
8057,event,131,136,Datum,114
8058,event,189,283,heeft u met een beroep op de Wet openbaarheid van bestuur (hierna: Wob) verzocht om informatie,114
8059,event,328,384,ontvangst van uw verzoek heb ik u schriftelijk bevestigd,114
8062,event,828,926,heeft u wegens het niet tijdig Directie Juridische Zaken beslissen een ingebrekestelling ingediend,114
8063,event,934,971,ontvangst van uw ingebrekestelling is,114
8064,event,991,1000,bevestigd,114
10734,event,543,692,heeft u met de woordvoerder van Douane telefonisch gesproken over de inhoud van uw Wob-verzoek en is aangeboden u een presentatie te geven omtrent AI,114
10735,event,716,803,heeft u met een woordvoerder telefonisch gesproken over de voortgang van uw Wob-verzoek,114
6245,DATE+,149,153,0880,78
6246,c: besluit datum,188,203,12 oktober 2022,78
6247,c: verzoek ontvangen,235,251,25 februari 2022,78
6248,DATE+,606,610,2015,78
6249,DATE+,622,626,2022,78
6250,c: ontvangst verzoek bevestigd,693,709,25 februari 2022,78
6251,c: inwerking treden van Woo,733,743,1 mei 2022,78
6252,DATE+,880,895,12 oktober 2022,78
6253,DATE+,1110,1125,12 oktober 2022,78
6254,DATE+,1309,1329,Datum12 oktober 2022,78
8076,ID,9,11,78,78
8077,title,24,86,Besluit+op+Wob-Woo-verzoek+over+informatie+diertelgegevens.pdf,78
8078,event,182,187,Datum,78
8080,event,252,336,heb ik uw gegevensverzoek ontvangen waarin u vraagt om openbaarmaking van informatie,78
8081,event,643,689,ontvangst van uw verzoek is digitaal bevestigd,78
8083,event,744,875,is de Wet openbaarheid van bestuur (hierna te noemen Wob) ingetrokken en vervangen door de Wet open overheid (hierna te noemen Woo),78
6255,c: besluit datum,103,115,5 april 2022,11
6256,c: verzoek datum,182,198,20 november 2020,11
6257,DATE+,325,329,2019,11
6258,DATE+,398,402,1250,11
6259,c: ontvangst verzoek bevestigd,538,554,23 november 2020,11
6260,DATE+,567,574,20-0875,11
6261,c: beslistermijn verdaagd,593,609,14 december 2020,11
6262,DATE+,751,767,31 december 2023,11
8084,ID,9,11,11,11
8086,title,24,91,200875-wobbesluit-afgeschoten-edelherten-oostvaardersplassen-v2.pdf,11
8087,event,96,101,Datum,11
8088,event,199,297,heeft u met een beroep op de Wet openbaarheid van bestuur (hierna: Wob) verzocht om van informatie,11
8089,event,485,533,ontvangst van uw verzoek is bevestigd bij e-mail,11
8091,event,610,653,is de beslistermijn met vier weken verdaagd,11
6263,c: besluit datum,119,136,14 september 2022,8
6264,c: verzoek datum,168,183,3 augustus 2022,8
6265,c: overig,399,415,18 augustus 2022,8
6266,c: contact,446,463,12 september 2022,8
6267,DATE+,815,832,26 september 2021,8
6268,DATE+,881,895,september 2021,8
8317,ID,9,10,8,8
8318,title,23,108,1e_deelbesluit_op_Woo-verzoek_over_Nationaal_Platform_Leren_en_Ontwikkelen__NPLO_.pdf,8
8319,event,113,118,Datum,8
8320,event,184,293,heeft u mijn ministerie verzocht om een extra zoekslag te verrichten en aanvullende documenten te verstrekken,8
8321,event,385,395,verzoek is,8
8322,event,416,438,in behandeling genomen,8
10733,event,464,568,is u bericht dat uw 11 vragen in ieder geval 2 documenten hebben opgeleverd die nog niet zijn beoordeeld,8
6269,DATE+,171,178,20 juni,37
6270,c: verzoek datum,216,227,27 mei 2022,37
6271,c: ontvangst verzoek bevestigd,432,443,27 mei 2022,37
6272,c: contact,499,511,10 juni 2022,37
8092,ID,9,11,37,37
8093,title,24,92,2022-38-woo-besluit-over-totstandkoming-geluidsnorm-windturbines.pdf,37
8095,event,165,170,Datum,37
8096,c: besluit datum,171,183,20 juni 2022,37
8098,event,228,280,heeft u mij gevraagd om documenten openbaar te maken,37
8099,event,368,428,ontvangst van uw verzoek is schriftelijk bevestigd per brief,37
10732,event,516,611,digitaal overleg gehad met twee medewerkers van het Ministerie van Infrastructuur en Waterstaat,37
6538,c: besluit datum,190,203,10 maart 2022,22
6539,c: verzoek datum,259,276,21 september 2021,22
6540,c: ontvangst verzoek bevestigd,623,640,22 september 2021,22
6541,c: contact,672,686,1 oktober 2021,22
6542,c: overig,760,774,1 oktober 2021,22
6543,c: beslistermijn verdaagd,968,983,19 oktober 2021,22
6544,c: beslistermijn verdaagd,1061,1077,15 november 2021,22
6545,c: contact,1214,1230,30 november 2021,22
6546,c: contact,1349,1365,15 november 2021,22
8148,ID,9,11,22,22
8149,title,24,43,2021-56-besluit.pdf,22
8150,event,184,189,Datum,22
8151,event,277,371,heeft u met een beroep op de Wet openbaarheid van bestuur (hierna: Wob) verzocht om documenten,22
8152,event,557,618,ontvangst van uw verzoek is schriftelijk bevestigd bij e-mail,22
8153,event,687,738,contact gehad met een medewerker van het ministerie,22
8155,event,775,829,is aan u de volgende link naar het rapport toegestuurd,22
8156,event,984,1041,is de beslistermijn op uw verzoek met vier weken verdaagd,22
8157,event,1078,1194,is aan u medegedeeld dat de beslistermijn is opgeschort met twee weken vanwege het vragen van zienswijzen aan derden,22
8158,event,1231,1317,is aan u medegedeeld dat de opschorting is geëindigd en de beslistermijn is verstreken,22
8159,event,1366,1542,bent u erover geïnformeerd dat er derde belanghebbenden zijn bij de openbaarmaking van de documenten en dat deze in de gelegenheid zijn gesteld hierover hun zienswijze te geven,22
6547,c: besluit datum,56,71,14 januari 2022,17
6548,c: verzoek datum,95,111,15 november 2021,17
6549,c: ontvangst verzoek bevestigd,280,296,18 november 2021,17
6550,DATE+,401,416,13 januari 2022,17
6551,DATE+,421,436,14 januari 2022,17
6552,DATE+,523,533,14 januari,17
6553,DATE+,534,538,2022,17
6554,DATE+,1284,1299,14 januari 2022,17
6555,DATE+,2205,2220,14 januari 2022,17
6556,DATE+,2784,2799,14 januari 2022,17
6557,DATE+,3316,3331,14 januari 2022,17
8160,ID,9,11,17,17
8161,title,24,44,2021-276-besluit.pdf,17
8162,event,49,55,D atum,17
8163,event,112,208,"heeft u, met een beroep op de Wet openbaarheid van bestuur (hierna: Wob), verzocht om informatie",17
8164,event,226,276,ontvangst van uw verzoek is schriftelijk bevestigd,17
6580,DATE+,103,118,13 januari 2022,72
6581,c: besluit datum,129,145,30 augustus 2022,72
6582,c: verzoek datum,170,185,13 januari 2022,72
6583,DATE+,379,393,1 januari 2021,72
6584,DATE+,405,420,13 januari 2022,72
6585,c: inwerking treden van Woo,431,441,1 mei 2022,72
6586,c: inwerking treden van Woo,534,539,1 mei,72
6587,c: ontvangst verzoek bevestigd,560,575,18 januari 2022,72
6588,DATE+,699,712,15 maart 2022,72
6589,c: contact,745,760,3 februari 2022,72
6590,DATE+,922,935,december 2021,72
6591,DATE+,1017,1030,december 2021,72
6592,c: overig,1064,1075,13 mei 2022,72
6593,DATE+,1092,1104,15 juni 2022,72
6594,c: contact,1170,1181,12 mei 2022,72
8177,ID,9,11,72,72
8178,title,24,79,Anoniem+besluit+op+Wob-verzoek+inzake+de+Suikertaks.pdf,72
8179,event,123,128,Datum,72
8180,event,235,284,heeft u mij gevraagd informatie openbaar te maken,72
8182,event,442,473,is de Wob vervangen door de Woo,72
8184,event,543,552,Woo geldt,72
8185,event,576,643,heeft u bericht ontvangen dat uw verzoek in goede orde is ontvangen,72
8186,event,761,817,contact gehad met enkele medewerkers van mijn ministerie,72
8187,event,1076,1150,heeft u mij tot 15 juni 2022 de tijd gegeven om op uw verzoek te beslissen,72
8188,event,1182,1350,heb ik u per e-mail laten weten dat de betrokken belanghebbenden zijn gevraagd hun mening te geven over de voorgenomen openbaarmaking van de door u gevraagde informatie,72
6602,DATE+,176,180,0880,118
6603,DATE+,181,188,42 4242,118
6604,c: besluit datum,231,243,20 juni 2022,118
6605,c: verzoek ontvangen,254,266,9 maart 2022,118
6606,DATE+,444,448,2000,118
6607,c: contact,537,549,5 april 2022,118
6608,c: inwerking treden van Woo,617,627,1 mei 2022,118
6609,DATE+,825,829,2000,118
6610,DATE+,962,974,20 juni 2022,118
6611,DATE+,1015,1027,20 juni 2022,118
6612,DATE+,1370,1382,20 juni 2022,118
6613,DATE+,1509,1521,20 juni 2022,118
6614,DATE+,2163,2175,20 juni 2022,118
6615,DATE+,2951,2963,20 juni 2022,118
8195,ID,9,12,118,118
8196,title,25,80,besluit-wobverzoek-natuurherstel-hart-van-meijendel.pdf,118
8198,event,225,230,Datum,118
8199,event,267,337,ontving ik uw verzoek waarin u vraagt om openbaarmaking van informatie,118
8200,event,550,593,heeft u uw verzoek in een e-mail toegelicht,118
8201,event,628,694,is de Wob ingetrokken en vervangen door de Wet open overheid (Woo),118
6652,DATE+,75,84,4 oktober,40
6653,c: verzoek datum,117,129,27 juli 2022,40
6654,DATE+,312,323,1 juni 2021,40
6655,DATE+,335,347,14 juli 2022,40
6656,c: ontvangst verzoek bevestigd,442,454,27 juli 2022,40
6657,c: beslistermijn verdaagd,462,478,24 augustus 2022,40
6658,c: beslistermijn verdaagd,556,572,31 augustus 2022,40
6659,DATE+,847,863,26 augustus 2022,40
6660,c: overig,982,998,30 augustus 2022,40
6661,DATE+,1240,1256,26 augustus 2022,40
8203,ID,9,11,40,40
8204,title,24,43,2022-66-besluit.pdf,40
8205,event,130,179,heeft u bij mijn ministerie een verzoek ingediend,40
8207,event,376,437,ontvangst van uw verzoek is schriftelijk bevestigd bij e-mail,40
8208,event,479,548,is per e-mail de beslissing op uw Woo-verzoek met vier weken verdaagd,40
8209,event,573,695,is per e-mail de beslistermijn op uw Woo-verzoek met nog twee weken opgeschort in verband met het opvragen van zienswijzen,40
8210,event,999,1090,zijn derde-belanghebbenden in de gelegenheid gesteld om hun zienwijze naar voren te brengen,40
8211,c: besluit datum,75,89,4 oktober 2022,40
8212,event,69,74,Datum,40
6722,c: besluit datum,125,135,2 mei 2022,121
6723,c: verzoek ontvangen,161,177,16 februari 2022,121
6724,c: contact,326,342,15 februari 2022,121
6725,c: overig,442,458,16 februari 2022,121
6726,c: beslistermijn verdaagd,506,519,16 maart 2022,121
6727,c: contact,572,580,12 april,121
6728,DATE+,678,683,april,121
6729,c: inwerking treden van Woo,714,724,1 mei 2022,121
6730,DATE+,873,886,30 april 2022,121
6731,DATE+,1133,1143,2 mei 2022,121
6732,DATE+,1238,1242,2011,121
6733,DATE+,1277,1281,2012,121
8379,title,25,52,besluit-woo-taken-crkbo.pdf,121
8380,ID,9,12,121,121
8381,event,82,124,Datum Betreft: beslissing op verzoek (Woo),121
8382,event,178,299,hebben wij van u een bericht ontvangen waarin u namens uw cliënt een beroep doet op de Wob (Wet openbaarheid van bestuur),121
8383,event,343,415,gemaild in het kader van een lopende Wob- beroepsprocedure van uw cliënt,121
8384,event,317,322,heb u,121
8386,event,463,498,nieuw Wob-verzoek bij mij ingediend,121
8387,event,520,567,heb ik de beslistermijn met vier weken verlengd,121
8388,event,581,705,heb ik u geïnformeerd over de laatste stand van zaken en de verwachting uitgesproken dat ik eind april op het verzoek beslis,121
8389,event,725,815,"is de Wet Open Overheid (hierna: Woo) in werking getreden, deze wet heeft de Wob vervangen",121
6734,DATE+,114,131,07 september 2022,80
6735,c: besluit datum,142,159,28 september 2022,80
6736,c: verzoek datum,182,198,7 september 2022,80
6737,DATE+,470,482,oktober 2009,80
6738,DATE+,634,650,9 september 2022,80
6739,DATE+,798,802,2022,80
6740,DATE+,928,932,2022,80
6742,DATE+,1456,1471,7 februari 2018,80
8390,title,24,95,Besluit+op+Woo-verzoek+over+de+ouderbijdragen+in+het+basisonderwijs.pdf,80
8392,ID,9,11,80,80
8393,event,136,141,Datum,80
8394,event,238,405,heeft u OCW gevraagd een document dat eerder beoordeeld was op grond van de Wet openbaarheid van bestuur (Wob) te herbeoordelen op grond van de Wet open overheid (Woo),80
8395,c: contact,629,650,7 en 9 september 2022,80
8396,event,651,677,contact geweest per e-mail,80
8398,event,1075,1139,fundering van de verplichte ouderbijdrage is later ook bevestigd,80
10749,c: overig,1174,1189,7 februari 2018,80
10750,DATE+,1174,1184,7 februari,80
6743,c: besluit datum,198,210,5 april 2022,0
6744,c: verzoek datum,291,306,28 oktober 2021,0
6745,c: verzoek ontvangen,321,336,29 oktober 2021,0
6746,DATE+,547,551,2018,0
6747,DATE+,555,559,2019,0
6748,DATE+,601,614,30 maart 2018,0
6749,DATE+,974,978,2018,0
6750,DATE+,982,986,2019,0
6751,DATE+,1018,1031,30 maart 2018,0
6752,DATE+,1525,1538,30 maart 2018,0
6753,DATE+,1860,1872,5 april 2022,0
6754,DATE+,1900,1913,30 maart 2018,0
6755,DATE+,2246,2258,19 juni 2020,0
6756,c: ontvangst verzoek bevestigd,2419,2434,1 november 2021,0
6757,c: beslistermijn verdaagd,2456,2472,22 november 2021,0
6758,c: overig,2536,2552,24 november 2021,0
6759,DATE+,2579,2592,februari 2022,0
6760,c: contact,2714,2730,23 november 2021,0
6761,c: contact,2738,2754,28 februari 2022,0
6762,DATE+,2804,2814,maart 2022,0
6763,c: contact,2909,2922,31 maart 2022,0
6764,DATE+,2971,2983,8 april 2022,0
6765,c: contact,3059,3075,28 februari 2022,0
6766,DATE+,3315,3327,5 april 2022,0
6767,DATE+,3393,3405,5 april 2022,0
6768,DATE+,3911,3923,5 april 2022,0
6769,DATE+,4238,4250,5 april 2022,0
6770,DATE+,4442,4454,5 april 2022,0
8399,ID,9,10,0,0
8400,title,23,56,05-04-2022_grote_mars_besluit.pdf,0
8401,event,192,197,Datum,0
8402,event,308,317,ontvangen,0
8403,event,338,429,heeft u met een beroep op de Wet openbaarheid van bestuur (hierna: Wob) informatie verzocht,0
8405,event,2353,2414,ontvangst van uw verzoek is schriftelijk bevestigd bij e-mail,0
8406,event,2473,2516,is de beslistermijn met vier weken verdaagd,0
8407,event,2553,2629,werd bevestigd dat u eind februari 2022 een besluit tegemoet zou kunnen zien,0
8408,event,2685,2710,telefonisch met u besprak,0
8409,event,2755,2889,werd u per e-mail bericht dat het besluit u eind maart 2022 zou toegaan in verband met het opvragen van zienswijzen van derde partijen,0
8410,event,2923,2997,werd u geïnformeerd dat u het besluit uiterlijk 8 april 2022 zou ontvangen,0
8411,event,3016,3054,bent er over geïnformeerd in de e-mail,0
8412,event,3076,3233,dat er derde belanghebbenden zijn bij de openbaarmaking van een aantal documenten en dat deze in de gelegenheid zijn gesteld hierover hun zienswijze te geven,0
6787,DATE+,72,80,379 8911,96
6788,c: besluit datum,153,166,20 april 2022,96
6789,c: verzoek datum,208,219,5 juli 2021,96
6790,c: verzoek ontvangen,234,245,6 juli 2021,96
6791,DATE+,945,958,15 april 2021,96
6792,DATE+,963,974,5 juli 2021,96
6793,c: ontvangst verzoek bevestigd,1047,1058,9 juli 2021,96
6794,DATE+,1158,1174,31 augustus 2021,96
6795,c: contact,1182,1197,11 oktober 2021,96
8419,ID,9,11,96,96
8421,title,24,61,besluit-wob-amendement-wet_dieren.pdf,96
8422,event,147,152,Datum,96
8423,event,221,230,ontvangen,96
8424,event,247,338,heeft u met een beroep op de Wet openbaarheid van bestuur (hierna: Wob) informatie verzocht,96
8425,event,982,1042,ontvangst van uw verzoek is schriftelijk bevestigd bij brief,96
10743,event,1198,1255,heeft u mailcontact gehad met mijn medewerker Lisa Gaster,96
6817,DATE+,85,93,2020/001,5
6818,c: besluit datum,141,157,28 februari 2022,5
6819,c: verzoek datum,196,212,27 augustus 2019,5
6820,c: verzoek ontvangen,227,243,29 augustus 2019,5
6821,DATE+,382,386,2018,5
6822,c: ontvangst verzoek bevestigd,555,571,30 augustus 2019,5
6823,c: beslistermijn verdaagd,590,607,24 september 2019,5
6824,DATE+,737,741,1100,5
6825,DATE+,889,901,22 juli 2014,5
6826,DATE+,999,1003,1100,5
6827,DATE+,1367,1371,1100,5
6828,DATE+,1635,1639,1100,5
8436,event,98,137,Datum: per e-mail en per post verstuurd,5
8437,ID,9,10,5,5
8438,title,23,80,191100-wobbesluit-inspectierapporten-dierproeven-2018.pdf,5
8439,event,214,223,ontvangen,5
8440,event,245,337,"heeft u, met een beroep op de Wet openbaarheid van bestuur (hierna: Wob) informatie verzocht",5
8441,event,489,550,ontvangst van uw verzoek is schriftelijk bevestigd bij e-mail,5
8442,event,608,658,is tevens de beslistermijn met vier weken verdaagd,5
6883,c: besluit datum,69,83,6 januari 2022,97
6884,DATE+,84,100,26 februari 2020,97
6885,c: verzoek datum,123,139,26 februari 2020,97
6886,DATE+,390,404,1 januari 2019,97
6887,DATE+,416,432,26 februari 2020,97
6888,DATE+,1070,1084,1 januari 2019,97
6889,DATE+,1096,1112,26 februari 2020,97
6890,c: ontvangst verzoek bevestigd,1191,1203,4 maart 2020,97
6891,c: beslistermijn verdaagd,1240,1253,25 maart 2020,97
8459,ID,9,11,97,97
8460,title,24,58,besluit-wob-export-chipmachine.pdf,97
8461,event,63,68,Datum,97
8462,event,140,234,heeft u met een beroep op de Wet openbaarheid van bestuur (hierna: Wob) verzocht om informatie,97
8463,event,1120,1186,ontvangst van uw verzoek heb ik u schriftelijk bevestigd bij brief,97
8464,event,1254,1379,heeft u middels een mail een bevestiging ontvangen over de opschorting van uw verzoek vanwege de gevolgen van het coronavirus,97
6892,c: besluit datum,94,110,10 augustus 2022,3
6893,c: verzoek datum,140,155,4 augustus 2022,3
6894,c: verzoek ontvangen,170,185,4 augustus 2022,3
6895,DATE+,482,496,1 januari 2017,3
6896,DATE+,508,523,4 augustus 2022,3
6897,c: ontvangst verzoek bevestigd,641,656,9 augustus 2022,3
6898,DATE+,792,808,10 augustus 2022,3
8465,ID,9,10,3,3
8466,title,23,83,10-08-2022_besluit_woo_mr_buitenwerkingstelling_ter_publ.pdf,3
8467,event,88,93,Datum,3
8468,event,157,166,ontvangen,3
8469,event,187,256,heeft u met een beroep op de Wet open overheid (hierna: Woo) verzocht,3
8470,event,575,635,ontvangst van uw verzoek is schriftelijk bevestigd bij e-mai,3
7072,c: besluit datum,146,161,9 februari 2022,10
7073,DATE+,198,205,20-0132,10
7074,DATE+,241,257,12 februari 2020,10
7075,DATE+,261,276,19 januari 2021,10
7076,DATE+,291,307,12 februari 2020,10
7077,DATE+,324,339,19 januari 2021,10
7078,DATE+,539,549,jaren 2019,10
7079,DATE+,551,558,20-0132,10
7080,DATE+,563,567,2020,10
7081,DATE+,687,691,2019,10
7082,DATE+,695,699,2020,10
7083,DATE+,787,799,5 maart 2020,10
7084,DATE+,803,819,15 februari 2021,10
7085,DATE+,837,844,20-0132,10
7086,DATE+,959,963,2020,10
7087,DATE+,1164,1168,2019,10
7088,DATE+,1172,1176,2020,10
7089,DATE+,1364,1368,2019,10
7090,DATE+,1387,1391,2020,10
8541,ID,9,11,10,10
8542,title,24,54,20-0132_en_21-0038_besluit.pdf,10
8543,event,116,145,Datum: verzonden per email op,10
8544,c: verzoek datum,241,276,12 februari 2020 en 19 januari 2021,10
8545,c: verzoek ontvangen,291,339,12 februari 2020 respectievelijk 19 januari 2021,10
8546,event,278,287,ontvangen,10
8547,event,341,432,heeft u met een beroep op de Wet openbaarheid van bestuur (hierna: Wob) informatie verzocht,10
8548,event,720,782,ontvangst van uw verzoek is schriftelijk bevestigd bij brieven,10
10748,c: ontvangst verzoek bevestigd,787,819,5 maart 2020 en 15 februari 2021,10
7107,c: besluit datum,59,72,22 maart 2022,27
7108,c: verzoek datum,96,111,20 januari 2022,27
7109,c: overig,233,249,14 februari 2022,27
7110,DATE+,629,647,van1 februari 2019,27
7111,DATE+,651,668,24 september 2019,27
7112,DATE+,1247,1262,1 februari 2022,27
7113,DATE+,1357,1370,17 maart 2022,27
7114,c: contact,1378,1391,21 maart 2022,27
7115,DATE+,1615,1623,22 maart,27
7116,DATE+,1624,1628,2022,27
7117,DATE+,1734,1742,22 maart,27
7118,DATE+,1743,1747,2022,27
8554,ID,9,11,27,27
8555,title,24,48,2022-014-wob-besluit.pdf,27
8556,event,53,58,Datum,27
8557,event,112,206,heeft u met een beroep op de Wet openbaarheid van bestuur (hierna: Wob) verzocht om informatie,27
8558,event,250,299,hebt u uw verzoek als volgt nader geconcretiseerd,27
8559,event,1392,1476,is er telefonisch contact geweest waarin is gesproken over de status van dit verzoek,27
7168,c: besluit datum,96,113,12 september 2022,61
7169,DATE+,147,154,22-0461,61
7170,DATE+,175,182,22-0461,61
7171,c: verzoek datum,208,220,13 juni 2022,61
7172,c: verzoek ontvangen,244,256,13 juni 2022,61
7173,c: ontvangst verzoek bevestigd,515,527,13 juni 2022,61
7174,DATE+,540,547,22-0461,61
7175,c: beslistermijn verdaagd,568,580,11 juli 2022,61
7176,DATE+,833,840,22-0461,61
7177,DATE+,984,991,22-0461,61
8574,ID,9,11,61,61
8575,title,24,43,22-0461-besluit.pdf,61
8576,event,89,94,Datum,61
8577,event,231,240,ontvangen,61
8578,event,258,360,heeft u de Nederlandse Voedsel en Warenautoriteit (hierna: NVWA) gevraagd informatie openbaar te maken,61
8579,event,463,511,ontvangst van uw verzoek is bevestigd per e-mail,61
8581,event,581,621,is de beslistermijn met 2 weken verdaagd,61
7178,c: besluit datum,56,71,18 januari 2022,125
7179,c: verzoek datum,101,117,9 september 2021,125
7180,DATE+,351,355,1997,125
7181,DATE+,367,371,2014,125
7182,c: ontvangst verzoek bevestigd,467,484,10 september 2021,125
7183,c: contact,527,542,28 oktober 2021,125
7184,DATE+,728,743,18 januari 2022,125
7185,DATE+,958,973,18 januari 2022,125
7186,DATE+,1397,1412,18 januari 2022,125
7187,DATE+,1721,1736,18 januari 2022,125
7188,DATE+,1832,1847,18 januari 2022,125
7189,DATE+,3254,3269,18 januari 2022,125
7190,DATE+,3484,3499,18 januari 2022,125
7191,DATE+,3718,3733,18 januari 2022,125
7192,DATE+,3799,3814,18 januari 2022,125
7193,DATE+,4065,4069,2014,125
7194,DATE+,4168,4172,2014,125
7195,DATE+,4263,4267,2014,125
7196,DATE+,4358,4362,2014,125
7197,DATE+,4453,4457,2014,125
7198,DATE+,4548,4552,2014,125
7199,DATE+,4746,4750,2016,125
7200,DATE+,4849,4853,2016,125
7201,DATE+,4952,4956,2016,125
7202,DATE+,5057,5061,2017,125
7203,DATE+,5160,5164,2017,125
7204,DATE+,5263,5267,2017,125
7205,DATE+,5368,5372,2020,125
7206,DATE+,5463,5467,2020,125
7207,DATE+,5558,5562,2020,125
7208,DATE+,5653,5657,2020,125
7209,DATE+,5749,5753,2021,125
7210,DATE+,5994,6000,8857RE,125
7211,DATE+,6072,6078,8857RE,125
7212,DATE+,6150,6156,8857RE,125
7213,DATE+,6228,6234,8857RE,125
7214,DATE+,6307,6313,8857RE,125
7215,DATE+,6386,6392,8857RE,125
7216,DATE+,6465,6471,8857RE,125
7217,DATE+,6509,6513,2014,125
7218,DATE+,6543,6549,8857RE,125
7219,DATE+,6587,6591,2014,125
7220,DATE+,6621,6627,8857RE,125
7221,DATE+,6665,6669,2014,125
7222,DATE+,6699,6705,8857RE,125
7223,DATE+,6743,6747,2014,125
7224,DATE+,6777,6783,8857RE,125
7225,DATE+,6822,6826,2014,125
7226,DATE+,6856,6862,8857RE,125
7227,DATE+,6901,6905,2014,125
7228,DATE+,6935,6941,8857RE,125
7229,DATE+,6980,6984,2014,125
7230,DATE+,7014,7020,8857RE,125
7231,DATE+,7059,7063,2014,125
7232,DATE+,7093,7099,8857RE,125
7233,DATE+,7138,7142,2014,125
7234,DATE+,7172,7178,8857RE,125
7235,DATE+,7216,7220,2014,125
7236,DATE+,7250,7256,8857RE,125
7237,DATE+,7295,7299,2014,125
7238,DATE+,7329,7335,8857RE,125
7239,DATE+,7436,7440,2010,125
7240,DATE+,7495,7499,2010,125
7241,DATE+,7529,7535,8857RE,125
7242,DATE+,7554,7558,2010,125
7243,DATE+,7588,7601,8857RE HLG02F,125
7244,DATE+,7613,7617,2010,125
7245,DATE+,7672,7676,2010,125
7246,DATE+,7706,7712,8857RE,125
7247,DATE+,7731,7735,2010,125
7248,DATE+,7765,7771,8857RE,125
7249,DATE+,7790,7794,2010,125
7250,DATE+,7849,7853,2010,125
7251,DATE+,7883,7889,8857RE,125
7252,DATE+,7908,7912,2010,125
7253,DATE+,7967,7971,2010,125
7254,DATE+,8026,8030,2011,125
7255,DATE+,8085,8089,2011,125
7256,DATE+,8119,8125,8857RE,125
7257,DATE+,8144,8148,2011,125
7258,DATE+,8237,8243,8857RE,125
7259,DATE+,8262,8266,2011,125
7260,DATE+,8321,8325,2011,125
7261,DATE+,8355,8361,8857RE,125
7262,DATE+,8380,8384,2011,125
7263,DATE+,8414,8420,8857RE,125
7264,DATE+,8439,8443,2011,125
7265,DATE+,8473,8479,8857RE,125
7266,DATE+,8498,8502,2011,125
7267,DATE+,8616,8620,2011,125
7268,DATE+,8650,8663,8857RE HLG02F,125
7269,DATE+,8709,8722,8857RE HLG02F,125
7270,DATE+,8734,8738,2012,125
7271,DATE+,8827,8833,8857RE,125
7272,DATE+,8852,8856,2012,125
7273,DATE+,8886,8892,8857RE,125
7274,DATE+,8911,8915,2012,125
7275,DATE+,8970,8974,2012,125
7276,DATE+,9029,9033,2012,125
7277,DATE+,9088,9092,2012,125
7278,DATE+,9545,9549,2008,125
7279,DATE+,9639,9643,2008,125
7280,DATE+,9733,9737,2008,125
7281,DATE+,9827,9831,2008,125
7282,DATE+,9921,9925,2008,125
7283,DATE+,10015,10019,2008,125
7284,DATE+,10109,10113,2008,125
7285,DATE+,10203,10207,2008,125
7286,DATE+,10297,10301,2009,125
7287,DATE+,10385,10389,2009,125
7288,DATE+,10473,10477,2009,125
7289,DATE+,10561,10565,2009,125
7290,DATE+,10649,10653,2009,125
7291,DATE+,10737,10741,2009,125
7292,DATE+,10825,10829,2009,125
7293,DATE+,10913,10917,2010,125
7294,DATE+,11001,11005,2010,125
7295,DATE+,11089,11093,2010,125
7296,DATE+,11176,11180,2011,125
7297,DATE+,11264,11268,2011,125
7298,DATE+,11352,11356,2011,125
7299,DATE+,11440,11444,2011,125
7300,DATE+,11528,11532,2011,125
7301,DATE+,11616,11620,2011,125
7302,DATE+,11706,11710,2012,125
7303,DATE+,11799,11803,2012,125
7304,DATE+,11892,11896,2012,125
7305,DATE+,11985,11989,2012,125
7306,DATE+,12078,12082,2012,125
7307,DATE+,12171,12175,2012,125
7308,DATE+,12266,12270,2013,125
7309,DATE+,12361,12365,2014,125
7310,DATE+,12449,12453,2014,125
7311,DATE+,12537,12541,2014,125
7312,DATE+,12728,12732,2015,125
7313,DATE+,12828,12832,2015,125
7314,DATE+,12930,12934,2016,125
7315,DATE+,13025,13029,2016,125
7316,DATE+,13122,13126,2017,125
7317,DATE+,13217,13221,2017,125
7318,DATE+,13314,13318,2018,125
7319,DATE+,13409,13413,2018,125
7320,DATE+,13504,13508,2018,125
7321,DATE+,13601,13605,2019,125
7322,DATE+,13696,13700,2019,125
7323,DATE+,13791,13795,2019,125
7324,DATE+,13990,13994,2006,125
7325,DATE+,14092,14096,2006,125
7326,DATE+,14187,14191,2006,125
7327,DATE+,14251,14263,8812JM PEINS,125
7328,DATE+,14282,14286,2006,125
7329,DATE+,14372,14376,2006,125
7330,DATE+,14462,14466,2006,125
7331,DATE+,14552,14556,2006,125
7332,DATE+,14642,14646,2006,125
7333,DATE+,14732,14736,2006,125
7334,DATE+,14791,14803,8812JM PEINS,125
7335,DATE+,14822,14826,2006,125
7336,DATE+,14881,14893,8812JM PEINS,125
7337,DATE+,14912,14916,2006,125
7338,DATE+,14971,14983,8812JM PEINS,125
7339,DATE+,15002,15006,2006,125
7340,DATE+,15061,15073,8812JM PEINS,125
7341,DATE+,15092,15096,2006,125
7342,DATE+,15182,15186,2006,125
7343,DATE+,15452,15456,2007,125
7344,DATE+,15631,15635,2007,125
7345,DATE+,15721,15725,2007,125
7346,DATE+,15811,15815,2007,125
7347,DATE+,15906,15910,2007,125
7348,DATE+,16001,16005,2007,125
7349,DATE+,16097,16101,2008,125
7350,DATE+,16186,16190,2008,125
7351,DATE+,16275,16279,2008,125
7352,DATE+,16364,16368,2008,125
7353,DATE+,16453,16457,2008,125
7354,DATE+,16542,16546,2008,125
7355,DATE+,16697,16709,8812JM PEINS,125
7356,DATE+,16792,16804,8812JM PEINS,125
7357,DATE+,17368,17372,2008,125
7358,DATE+,17463,17467,2008,125
7359,DATE+,17558,17562,2008,125
7360,DATE+,17622,17634,8812JM PEINS,125
7361,DATE+,17745,17749,2009,125
7362,DATE+,17833,17837,2009,125
7363,DATE+,17923,17927,2009,125
7364,DATE+,18013,18017,2009,125
7365,DATE+,18101,18105,2009,125
7366,DATE+,18196,18200,2009,125
7367,DATE+,18370,18382,8812JM PEINS,125
7368,DATE+,18465,18477,8812JM PEINS,125
7369,DATE+,18496,18500,2009,125
7370,DATE+,18591,18595,2009,125
7371,DATE+,18655,18667,8812JM PEINS,125
7372,DATE+,18686,18690,2009,125
7373,DATE+,18774,18778,2009,125
7374,DATE+,18869,18873,2009,125
7375,DATE+,18965,18969,2010,125
7376,DATE+,19052,19056,2010,125
7377,DATE+,19162,19166,2010,125
7378,DATE+,19224,19236,8812JM PEINS,125
7379,DATE+,19272,19276,2010,125
7380,DATE+,19367,19371,2010,125
7381,DATE+,19431,19443,8812JM PEINS,125
7382,DATE+,19462,19466,2010,125
7383,DATE+,19527,19539,8812JM PEINS,125
7384,DATE+,19558,19562,2010,125
7385,DATE+,19623,19635,8812JM PEINS,125
7386,DATE+,19654,19658,2010,125
7387,DATE+,19719,19731,8812JM PEINS,125
7388,DATE+,19750,19754,2010,125
7389,DATE+,19815,19827,8812JM PEINS,125
7390,DATE+,19846,19850,2010,125
7391,DATE+,19911,19923,8812JM PEINS,125
7392,DATE+,19942,19946,2010,125
7393,DATE+,20007,20019,8812JM PEINS,125
7394,DATE+,20038,20042,2010,125
7395,DATE+,20103,20115,8812JM PEINS,125
7396,DATE+,20134,20138,2010,125
7397,DATE+,20199,20211,8812JM PEINS,125
7398,DATE+,20230,20234,2010,125
7399,DATE+,20295,20307,8812JM PEINS,125
7400,DATE+,20326,20330,2010,125
7401,DATE+,20391,20403,8812JM PEINS,125
7402,DATE+,20422,20426,2010,125
7403,DATE+,20487,20499,8812JM PEINS,125
7404,DATE+,20518,20522,2010,125
7405,DATE+,20583,20595,8812JM PEINS,125
7406,DATE+,20614,20618,2010,125
7407,DATE+,20679,20691,8812JM PEINS,125
7408,DATE+,20710,20714,2010,125
7409,DATE+,20775,20787,8812JM PEINS,125
7410,DATE+,20806,20810,2010,125
7411,DATE+,20902,20906,2010,125
7412,DATE+,20997,21001,2010,125
7413,DATE+,21093,21097,2010,125
7414,DATE+,21189,21193,2010,125
7415,DATE+,21285,21289,2010,125
7416,DATE+,21350,21362,8812JM PEINS,125
7417,DATE+,21381,21385,2010,125
7418,DATE+,21477,21481,2010,125
7419,DATE+,21565,21569,2010,125
7420,DATE+,21661,21665,2010,125
7421,DATE+,21757,21761,2010,125
7422,DATE+,21853,21857,2010,125
7423,DATE+,21949,21953,2010,125
7424,DATE+,22045,22049,2010,125
7425,DATE+,22141,22145,2010,125
7426,DATE+,22237,22241,2010,125
7427,DATE+,22333,22337,2010,125
7428,DATE+,22429,22433,2010,125
7429,DATE+,22525,22529,2010,125
7430,DATE+,22621,22625,2010,125
7431,DATE+,22717,22721,2010,125
7432,DATE+,22813,22817,2010,125
7433,DATE+,22878,22890,8812JM PEINS,125
7434,DATE+,22908,22912,2010,125
7435,DATE+,23004,23008,2010,125
7436,DATE+,23100,23104,2010,125
7437,DATE+,23165,23177,8812JM PEINS,125
7438,DATE+,23196,23200,2010,125
7439,DATE+,23261,23273,8812JM PEINS,125
7440,DATE+,23292,23296,2010,125
7441,DATE+,23357,23369,8812JM PEINS,125
7442,DATE+,23388,23392,2010,125
7443,DATE+,23453,23465,8812JM PEINS,125
7444,DATE+,23484,23488,2010,125
7445,DATE+,23549,23561,8812JM PEINS,125
7446,DATE+,23580,23584,2010,125
7447,DATE+,23677,23681,2011,125
7448,DATE+,23765,23769,2011,125
7449,DATE+,23853,23857,2011,125
7450,DATE+,23941,23945,2011,125
7451,DATE+,24029,24033,2011,125
7452,DATE+,24117,24121,2011,125
7453,DATE+,24174,24186,8812JM PEINS,125
7454,DATE+,24205,24209,2011,125
7455,DATE+,24293,24297,2011,125
7456,DATE+,24381,24385,2011,125
7457,DATE+,24476,24480,2011,125
7458,DATE+,24540,24552,8812JM PEINS,125
7459,DATE+,24571,24575,2011,125
7460,DATE+,24658,24662,2011,125
7461,DATE+,24754,24758,2011,125
7462,DATE+,24819,24831,8812JM PEINS,125
7463,DATE+,24850,24854,2011,125
7464,DATE+,24946,24950,2011,125
7465,DATE+,25011,25023,8812JM PEINS,125
7466,DATE+,25042,25046,2011,125
7467,DATE+,25138,25142,2011,125
7468,DATE+,25226,25230,2011,125
7469,DATE+,25314,25318,2011,125
7470,DATE+,25379,25391,8812JM PEINS,125
7471,DATE+,25410,25414,2011,125
7472,DATE+,25475,25487,8812JM PEINS,125
7473,DATE+,25506,25510,2011,125
7474,DATE+,25603,25607,2012,125
7475,DATE+,25691,25695,2012,125
7476,DATE+,25779,25783,2012,125
7477,DATE+,25867,25871,2012,125
7478,DATE+,25955,25959,2012,125
7479,DATE+,26043,26047,2012,125
7480,DATE+,26131,26135,2012,125
7481,DATE+,26400,26404,2012,125
7482,DATE+,26673,26677,2012,125
7483,DATE+,26768,26772,2012,125
7484,DATE+,26832,26844,8812JM PEINS,125
7485,DATE+,26863,26867,2012,125
7486,DATE+,26928,26940,8812JM PEINS,125
7487,DATE+,26959,26963,2012,125
7488,DATE+,27055,27059,2012,125
7489,DATE+,27151,27155,2012,125
7490,DATE+,27216,27228,8812JM PEINS,125
7491,DATE+,27247,27251,2012,125
7492,DATE+,27312,27324,8812JM PEINS,125
7493,DATE+,27343,27347,2012,125
7494,DATE+,27440,27444,2013,125
7495,DATE+,27528,27532,2013,125
7496,DATE+,27616,27620,2013,125
7497,DATE+,27704,27708,2013,125
7498,DATE+,27792,27796,2013,125
7499,DATE+,27880,27884,2013,125
7500,DATE+,27968,27972,2013,125
7501,DATE+,28056,28060,2013,125
7502,DATE+,28143,28147,2013,125
7503,DATE+,28231,28235,2013,125
7504,DATE+,28319,28323,2013,125
7505,DATE+,28407,28411,2013,125
7506,DATE+,28498,28502,2013,125
7507,DATE+,28589,28593,2013,125
7508,DATE+,28680,28684,2013,125
7509,DATE+,28775,28779,2013,125
7510,DATE+,28839,28851,8812JM PEINS,125
7511,DATE+,28961,28965,2013,125
7512,DATE+,29026,29038,8812JM PEINS,125
7513,DATE+,29057,29061,2013,125
7514,DATE+,29153,29157,2013,125
7515,DATE+,29249,29253,2013,125
7516,DATE+,29314,29326,8812JM PEINS,125
7517,DATE+,29345,29349,2013,125
7518,DATE+,29410,29422,8812JM PEINS,125
7519,DATE+,29441,29445,2013,125
7520,DATE+,29538,29542,2014,125
7521,DATE+,29592,29604,8812JM PEINS,125
7522,DATE+,29623,29627,2014,125
7523,DATE+,29677,29689,8812JM PEINS,125
7524,DATE+,29708,29712,2014,125
7525,DATE+,29793,29797,2014,125
7526,DATE+,29877,29881,2014,125
7527,DATE+,29962,29966,2014,125
7528,DATE+,30050,30054,2014,125
7529,DATE+,30138,30142,2014,125
7530,DATE+,30226,30230,2014,125
7531,DATE+,30314,30318,2014,125
7532,DATE+,30402,30406,2014,125
7533,DATE+,30490,30494,2014,125
7534,DATE+,30585,30589,2014,125
7535,DATE+,30649,30661,8812JM PEINS,125
7536,DATE+,30680,30684,2014,125
7537,DATE+,30768,30772,2014,125
7538,DATE+,30856,30860,2014,125
7539,DATE+,30944,30948,2014,125
7540,DATE+,31032,31036,2014,125
7541,DATE+,31120,31124,2014,125
7542,DATE+,31185,31197,8812JM PEINS,125
7543,DATE+,31216,31220,2014,125
7544,DATE+,31312,31316,2014,125
7545,DATE+,31408,31412,2014,125
7546,DATE+,31473,31485,8812JM PEINS,125
7547,DATE+,31504,31508,2014,125
7548,DATE+,31569,31581,8812JM PEINS,125
7549,DATE+,31600,31604,2014,125
7550,DATE+,31665,31677,8812JM PEINS,125
7551,DATE+,32047,32059,8812JM PEINS,125
7552,DATE+,32144,32156,8812JM PEINS,125
7553,DATE+,32894,32906,8812JM PEINS,125
7554,DATE+,32990,33002,8812JM PEINS,125
7555,DATE+,33087,33099,8812JM PEINS,125
7556,DATE+,33564,33576,8812JM PEINS,125
7557,DATE+,33660,33672,8812JM PEINS,125
7558,DATE+,33854,33866,8812JM PEINS,125
7559,DATE+,33951,33963,8812JM PEINS,125
7560,DATE+,34145,34157,8812JM PEINS,125
7561,DATE+,34338,34350,8812JM PEINS,125
7562,DATE+,34434,34446,8812JM PEINS,125
7563,DATE+,34533,34545,8812JM PEINS,125
7564,DATE+,34620,34632,8812JM PEINS,125
7565,DATE+,35089,35101,8812JM PEINS,125
7566,DATE+,35186,35198,8812JM PEINS,125
7567,DATE+,35283,35295,8812JM PEINS,125
7568,DATE+,35380,35392,8812JM PEINS,125
7569,DATE+,36114,36126,8812JM PEINS,125
7570,DATE+,36210,36222,8812JM PEINS,125
7571,DATE+,36695,36707,8812JM PEINS,125
7572,DATE+,36792,36804,8812JM PEINS,125
7573,DATE+,37083,37095,8812JM PEINS,125
7574,DATE+,37569,37581,8812JM PEINS,125
7575,DATE+,37666,37678,8812JM PEINS,125
7576,DATE+,37854,37866,8812JM PEINS,125
7577,DATE+,38414,38426,8812JM PEINS,125
7578,DATE+,38794,38806,8812JM PEINS,125
7579,DATE+,38977,38989,8812JM PEINS,125
7580,DATE+,39268,39280,8812JM PEINS,125
7581,DATE+,39365,39377,8812JM PEINS,125
7582,DATE+,39656,39668,8812JM PEINS,125
7583,DATE+,39753,39765,8812JM PEINS,125
7584,DATE+,40496,40508,8812JM PEINS,125
7585,DATE+,40592,40604,8812JM PEINS,125
7586,DATE+,40689,40701,8812JM PEINS,125
7587,DATE+,40786,40798,8812JM PEINS,125
7588,DATE+,41367,41379,8812JM PEINS,125
7589,DATE+,41464,41476,8812JM PEINS,125
7590,DATE+,41561,41573,8812JM PEINS,125
7591,DATE+,41658,41670,8812JM PEINS,125
7592,DATE+,41949,41961,8812JM PEINS,125
7593,DATE+,42428,42440,8812JM PEINS,125
7594,DATE+,42804,42816,8812JM PEINS,125
7595,DATE+,42900,42912,8812JM PEINS,125
7596,DATE+,42997,43009,8812JM PEINS,125
7597,DATE+,43385,43397,8812JM PEINS,125
7598,DATE+,43482,43494,8812JM PEINS,125
7599,DATE+,44903,44915,8812JM PEINS,125
7600,DATE+,44989,45001,8812JM PEINS,125
7601,DATE+,45384,45388,2005,125
7602,DATE+,45473,45477,2005,125
7603,DATE+,45562,45566,2005,125
7604,DATE+,45651,45655,2006,125
7605,DATE+,45740,45744,2006,125
7606,DATE+,45829,45833,2006,125
7607,DATE+,45918,45922,2006,125
7608,DATE+,46007,46011,2006,125
7609,DATE+,46096,46100,2007,125
7610,DATE+,46185,46189,2007,125
7611,DATE+,46274,46278,2007,125
7612,DATE+,46363,46367,2007,125
7613,DATE+,46452,46456,2007,125
7614,DATE+,46650,46654,2006,125
7615,DATE+,46704,46710,8857RE,125
8582,ID,9,12,125,125
8583,title,25,45,Besluit_2021-220.pdf,125
8584,event,50,55,Datum,125
8585,event,118,212,heeft u met een beroep op de Wet openbaarheid van bestuur (hierna: Wob) verzocht om informatie,125
8586,event,402,462,ontvangst van uw verzoek is schriftelijk bevestigd bij brief,125
8587,event,543,651,bent u erover geïnformeerd dat er derde belanghebbenden betrokken zijn bij de openbaarmaking van de gegevens,125
9081,c: besluit datum,123,136,30 maart 2022,48
9082,DATE+,169,176,21-0494,48
9083,c: verzoek datum,216,228,17 juni 2021,48
9084,c: ontvangst verzoek bevestigd,661,673,18 juni 2021,48
9085,c: beslistermijn verdaagd,711,723,12 juli 2021,48
9086,DATE+,772,788,10 augustus 2021,48
9339,title,24,43,21-0494-besluit.pdf,48
9340,ID,9,11,48,48
9341,event,82,122,Datum: Uitsluitend verstuurd per mail op,48
9342,event,229,320,heeft u met een beroep op de Wet openbaarheid van bestuur (hierna: Wob) informatie verzocht,48
9343,event,595,656,ontvangst van uw verzoek is schriftelijk bevestigd bij e-mail,48
9344,event,723,767, is de beslistermijn met vier weken verdaagd,48
9124,c: verzoek datum,192,207,2 december 2021,23
9125,c: verzoek ontvangen,222,237,2 december 2021,23
9126,c: overig,609,624,7 december 2021,23
9127,c: besluit datum,735,748,23 maart 2022,23
9356,ID,9,11,23,23
9357,title,24,71,2021.1002-wobbesluit-ongeval-Kampen-1807800.pdf,23
9358,event,209,218,ontvangen,23
9359,event,239,268,is verzocht om openbaarmaking,23
9360,event,625,723,is het verzoek aangemerkt als een verzoek in gevolge de Wet openbaarheid van bestuur (hierna: Wob),23
9361,event,728,733,Datum,23
9128,DATE+,169,181,088 797 4881,41
9129,c: besluit datum,226,238,15 juli 2022,41
9130,DATE+,288,302,1 oktober 2020,41
9131,DATE+,334,346,11 juli 2022,41
9132,c: verzoek datum,375,389,1 oktober 2020,41
9133,DATE+,600,611,11 februari,41
9134,DATE+,623,637,1 oktober 2020,41
9135,DATE+,713,729,3 september 2020,41
9136,DATE+,797,808,3 juni 2020,41
9137,c: overig,815,831,26 november 2021,41
9138,c: ontvangst verzoek bevestigd,971,985,9 oktober 2020,41
9139,c: beslistermijn verdaagd,1029,1044,26 oktober 2020,41
9140,DATE+,1092,1104,15 juli 2022,41
9141,c: overig,1105,1115,28 oktober,41
9142,c: contact,1222,1236,4 januari 2021,41
9143,c: contact,1350,1364,6 januari 2021,41
9144,DATE+,1474,1487,maanden maart,41
9145,DATE+,1661,1678,16 september 2021,41
9146,c: contact,1933,1945,8 april 2022,41
9147,c: inwerking treden van Woo,2285,2295,1 mei 2022,41
9148,DATE+,2427,2432,1 mei,41
9149,DATE+,2542,2547,1 mei,41
9150,DATE+,2582,2594,15 juli 2022,41
9151,c: contact,2631,2643,8 april 2022,41
9152,DATE+,2960,2972,15 juli 2022,41
9153,DATE+,3046,3057,1 juli 2021,41
9154,DATE+,3218,3229,1 juli 2021,41
9155,DATE+,3365,3374,juli 2021,41
9156,DATE+,3444,3456,15 juli 2022,41
9157,DATE+,4103,4115,15 juli 2022,41
9158,DATE+,4276,4288,15 juli 2022,41
9159,DATE+,4385,4392,15 juli,41
9160,DATE+,4707,4719,15 juli 2022,41
9161,DATE+,5009,5021,15 juli 2022,41
9162,DATE+,5475,5487,15 juli 2022,41
9163,DATE+,6513,6525,15 juli 2022,41
9362,ID,9,11,41,41
9363,title,24,82,20220715_Deelbesluit_op_Wob-Woo-verzoek_over_granuliet.pdf,41
9364,event,220,225,Datum,41
9365,event,390,412,heeft u namens met een,41
9366,event,428,506,beroep op de Wet openbaarheid van bestuur (hierna: de Wob) informatie verzocht,41
9368,event,905,966,ontvangst van uw verzoek is schriftelijk bevestigd bij e-mail,41
9369,event,1144,1178,is de beslistermijn met vier weken,41
9370,event,1191,1199,verdaagd,41
9371,event,1116,1142,per e-mail heeft ontvangen,41
9372,event,1237,1328,heeft u Rijkswaterstaat verzocht een update te geven van de afhandeling van het Wob-verzoek,41
9373,event,1365,1463,is aan u bericht dat de beslistermijn is verstreken en bent u geïnformeerd over de stand van zaken,41
9374,c: contact,1474,1501,"maanden maart, juni en juli",41
9375,event,1502,1636,zijn er meerdere telefonische contactmomenten met u geweest over de stand van zaken en voortgang van de behandeling van uw Wob-verzoek,41
9376,event,1679,1911,"bent u door een medewerker van het kerndepartement zowel telefonisch als via e-mail meerdere malen op de hoogte gehouden van de stand van zaken omtrent de behandeling van uw verzoek bij het kerndepartement, Rijkswaterstaat en de ILT",41
9377,c: contact,1647,1678,periode vanaf 16 september 2021,41
9378,event,1946,2260,"is aan u bericht dat de bestuurskern van het ministerie van Infrastructuur en Waterstaat, ILT en RWS zienswijzen aan derde belanghebbenden hebben gevraagd op documenten die gegevens bevatten die van derden afkomstig zijn of die betrekking hebben op derden en waartegen die belanghebbende mogelijk bedenkingen heeft",41
9379,event,2296,2378,is de Wet open overheid (hierna: de Woo) in werking getreden en de Wob ingetrokken,41
9380,event,2644,2826,is aan u per e-mail kenbaar gemaakt dat er documenten afkomstig van derde-belanghebbenden zijn aangetroffen en dat zij in de gelegenheid zijn gesteld hierover hun zienswijze te geven,41
9381,event,832,846,reeds besloten,41
9164,c: besluit datum,180,195,11 oktober 2022,35
9165,DATE+,206,216,11 oktober,35
9166,DATE+,265,281,11 februari 2022,35
9167,c: verzoek datum,305,321,11 februari 2022,35
9168,c: verzoek ontvangen,420,436,16 februari 2022,35
9169,c: overig,476,489,14 maart 2022,35
9170,DATE+,689,693,2015,35
9171,DATE+,698,702,2019,35
9172,c: ontvangst verzoek bevestigd,778,791,15 maart 2022,35
9173,c: beslistermijn verdaagd,815,828,12 april 2022,35
9174,c: inwerking treden van Woo,887,897,1 mei 2022,35
9382,ID,9,11,35,35
9383,title,24,71,2022-18-woo-rapportages-cabinelucht-besluit.pdf,35
9384,event,174,179,Datum,35
9385,event,322,412,"heeft u bij het Ministerie van Volksgezondheid, Welzijn en Sport een Wob-verzoek ingediend",35
9386,event,437,468,hebben zij uw verzoek ontvangen,35
9387,event,490,593,"heeft het Ministerie van Volksgezondheid, Welzijn en Sport uw verzoek gedeeltelijk aan ons overgedragen",35
9388,event,735,773,ontvangst van uw verzoek is per e-mail,35
9389,event,792,807,aan u bevestigd,35
9390,event,829,862,is uw verzoek per e-mail verdaagd,35
9391,event,898,974,is Wet open overheid (verder: Woo) in werking getreden en de Wob ingetrokken,35
9175,DATE+,85,93,379 8911,6
9176,c: besluit datum,115,128,24 maart 2022,6
9177,DATE+,183,198,28 oktober 2021,6
9178,c: verzoek datum,372,387,27 oktober 2021,6
9179,c: verzoek ontvangen,402,417,28 oktober 2021,6
9180,DATE+,680,694,1 januari 2020,6
9181,DATE+,697,712,27 oktober 2021,6
9182,c: ontvangst verzoek bevestigd,782,798,15 november 2021,6
9183,DATE+,900,916,23 december 2021,6
9184,DATE+,932,953,donderdag 25 november,6
9185,DATE+,1190,1201,10 december,6
9186,DATE+,1576,1580,2021,6
9187,DATE+,1588,1599,17 december,6
9188,DATE+,1609,1619,25 januari,6
9189,DATE+,1733,1743,18 januari,6
9190,DATE+,1753,1764,14 februari,6
9191,DATE+,1822,1832,14-04-2020,6
9192,DATE+,2039,2043,2020,6
9193,DATE+,2153,2160,03 2020,6
9194,DATE+,2167,2177,12-02-2021,6
9195,DATE+,2197,2201,2020,6
9196,DATE+,2254,2264,05-03-2021,6
9197,DATE+,2315,2320,31 Q3,6
9198,DATE+,2341,2351,26-05-2021,6
9199,DATE+,2447,2451,2020,6
9200,DATE+,2524,2535,18 augustus,6
9201,DATE+,2543,2547,2021,6
9202,DATE+,2578,2588,11-08-2021,6
9203,DATE+,2660,2670,18-08-2021,6
9204,DATE+,2752,2756,2020,6
9205,DATE+,2764,2774,27-08-2021,6
9206,DATE+,2870,2874,2021,6
9207,DATE+,2882,2892,07-09-2021,6
9208,DATE+,2957,2966,september,6
9209,DATE+,2997,3007,24-09-2021,6
9210,DATE+,3077,3089,29 september,6
9211,DATE+,3108,3118,27-09-2021,6
9212,DATE+,3173,3182,5 oktober,6
9213,DATE+,3190,3194,2021,6
9214,DATE+,3220,3230,05-10-2021,6
9215,DATE+,3329,3333,2020,6
9216,DATE+,3340,3344,2021,6
9217,DATE+,3352,3362,13-10-2021,6
9218,DATE+,3557,3567,18-10-2021,6
9219,DATE+,3795,3799,2020,6
9220,DATE+,3806,3810,2021,6
9221,DATE+,3827,3838,2-Wijziging,6
9392,ID,9,10,6,6
9393,title,23,74,1e-deelbesluit-wob-geschil-versterkingsoperatie.PDF,6
9394,event,109,114,Datum,6
9395,event,389,398,ontvangen,6
9396,event,419,510,heeft u met een beroep op de Wet openbaarheid van bestuur (hierna: Wob) informatie verzocht,6
9397,event,730,777,ontvangst van uw verzoek is bevestigd bij brief,6
9399,c: contact,932,956,donderdag 25 november jl,6
9401,event,959,1144,gesproken met de heer Hans Hindriks van het ministerie van Economische Zaken en Klimaat (hierna: ministerie van EZK) over de reikwijdte van uw verzoek en de voortgang van de afhandeling,6
9402,event,1154,1186,afspraak is bevestigd per e-mail,6
9403,c: contact,1190,1204,10 december jl,6
9404,c: contact,1588,1622,17 december jl en op 25 januari jl,6
9405,event,1623,1713,heeft u met de heer Hindriks gesproken over de voortgang van de afhandeling van uw verzoek,6
9407,c: contact,1733,1767,18 januari jl en op 14 februari jl,6
9408,event,1768,1817,per e-mail een update over de voortgang ontvangen,6
9306,DATE+,260,268,379 8911,109
9307,c: besluit datum,352,365,22 april 2022,109
9308,DATE+,453,468,26 januari 2022,109
9309,c: verzoek datum,545,560,26 januari 2022,109
9310,c: ontvangst verzoek bevestigd,812,828,21 februari 2022,109
9311,DATE+,929,942,23 maart 2022,109
9312,DATE+,950,958,29 maart,109
9313,DATE+,1169,1185,23 november 2005,109
9458,ID,9,12,109,109
9459,title,25,62,besluit-wob-subsidiekwestie-fresq.pdf,109
9460,event,346,351,Datum,109
9461,event,562,656,heeft u met een beroep op de Wet openbaarheid van bestuur (hierna: Wob) om informatie verzocht,109
9463,event,747,807,ontvangst van uw verzoek is schriftelijk bevestigd bij brief,109
9464,event,962,1002,heeft een medewerker van mijn ministerie,109
9465,event,1013,1059,u gemaild over de voortgang van uw WOB verzoek,109
10752,c: contact,950,961,29 maart jl,109
9540,c: besluit datum,65,82,14 september 2022,138
9541,c: verzoek datum,113,125,22 juni 2022,138
9542,c: verzoek ontvangen,149,161,24 juni 2022,138
9543,DATE+,379,391,januari 2019,138
9544,c: ontvangst verzoek bevestigd,416,428,28 juni 2022,138
9545,c: beslistermijn verdaagd,504,516,18 juli 2022,138
9546,DATE+,768,783,3 augustus 2022,138
9547,c: contact,800,812,18 juli 2022,138
9548,c: beslistermijn verdaagd,919,934,1 augustus 2022,138
9549,DATE+,1013,1029,31 augustus 2022,138
9550,c: contact,1211,1222,26 augustus,138
9551,DATE+,1270,1281,26 augustus,138
9552,DATE+,1368,1385,14 september 2022,138
9553,DATE+,1459,1472,december 2019,138
9554,DATE+,1476,1484,mei 2021,138
9555,c: contact,1517,1532,1 augustus 2022,138
9556,DATE+,1722,1739,14 september 2022,138
9557,DATE+,1899,1916,14 september 2022,138
9558,DATE+,2075,2092,14 september 2022,138
9559,DATE+,2306,2319,26 maart 2018,138
9826,ID,9,12,138,138
9827,title,25,54,Besluit_op_uw_Woo-verzoek.pdf,138
9828,event,59,64,Datum,138
9829,event,136,145,ontvangen,138
9830,event,163,247,heeft u de Minister van Justitie en Veiligheid gevraagd informatie openbaar te maken,138
9831,event,429,496,heeft u bericht ontvangen dat uw verzoek in goede orde is ontvangen,138
9832,event,542,726,"heb ik aangegeven dat de beoordeling van uw verzoek meer tijd in beslag neemt, het niet lukt om hier binnen vier weken op te antwoorden en ik hiervoor twee weken extra nodig zou hebben",138
9834,event,935,1008,heeft u bericht ontvangen dat de beoordeling van uw verzoek is uitgesteld,138
9835,event,1223,1263,heeft u bericht ontvangen dat uw verzoek,138
9836,event,1282,1309,weer verder wordt behandeld,138
9837,event,1552,1709,heb ik u laten weten dat de betrokken belanghebbenden zijn gevraagd hun mening te geven over de voorgenomen openbaarmaking van de door u gevraagde informatie,138
10745,event,813,911,heeft u telefonisch contact gehad met een medewerker van het Ministerie van Justitie en Veiligheid,138
9560,c: besluit datum,97,114,28 september 2022,128
9561,DATE+,176,183,22-0093,128
9562,c: verzoek datum,209,224,1 februari 2022,128
9563,c: verzoek ontvangen,248,263,1 februari 2022,128
9564,DATE+,594,605,1 juli 2021,128
9565,DATE+,617,633,31 december 2021,128
9566,c: ontvangst verzoek bevestigd,983,993,1 februari,128
9567,c: beslistermijn verdaagd,1082,1098,28 februari 2022,128
9568,c: overig,1150,1161,16 mei 2022,128
9569,c: inwerking treden van Woo,1277,1287,1 mei 2022,128
9838,ID,9,12,128,128
9839,title,25,44,Besluit_22-0093.pdf,128
9840,event,90,95,Datum,128
9841,event,235,244,ontvangen,128
9842,event,265,367,heeft u de Nederlandse Voedsel en Warenautoriteit (hierna: NVWA) gevraagd informatie openbaar te maken,128
9843,event,994,1061,heeft u bericht ontvangen dat uw verzoek in goede orde is ontvangen,128
9844,event,1099,1142,is de beslistermijn met vier weken verdaagd,128
9845,event,1162,1269,hebben wij een ingebrekestelling ontvangen met het verzoek om binnen twee weken alsnog een besluit te nemen,128
9846,event,1288,1369,is de Wet open overheid (hierna: Woo) inwerking getreden en is de Wob ingetrokken,128
9595,DATE+,193,196,+31,143
9596,DATE+,198,206,088 0725,143
9597,c: besluit datum,221,237,9 september 2022,143
9598,c: verzoek datum,269,285,24 februari 2022,143
9599,c: ontvangst verzoek bevestigd,415,428,15 maart 2022,143
9600,DATE+,650,666,9 september 2022,143
9601,DATE+,889,896,1440min,143
9602,DATE+,1179,1195,9 september 2022,143
9876,ID,9,12,143,143
9877,title,25,97,Besluit_op_uw_Woo-verzoek_inzake_sanitaire_voorzieningen_JC_Schiphol.pdf,143
9878,event,215,220,Datum,143
9879,event,286,348,heeft u een verzoek om openbaarmaking van informatie ingediend,143
9880,event,429,473,heb ik de ontvangst van uw verzoek bevestigd,143
9603,c: besluit datum,56,71,14 januari 2022,127
9604,c: verzoek datum,95,110,1 november 2021,127
9605,DATE+,314,326,1 april 1977,127
9606,c: ontvangst verzoek bevestigd,483,499,18 november 2021,127
9607,DATE+,604,620,27 december 2021,127
9608,DATE+,689,693,2004,127
9609,DATE+,750,754,1977,127
9610,DATE+,766,770,2003,127
9611,DATE+,813,828,14 januari 2022,127
9612,DATE+,988,1003,14 januari 2022,127
9613,DATE+,1347,1362,14 januari 2022,127
9614,DATE+,2268,2283,14 januari 2022,127
9615,DATE+,2847,2862,14 januari 2022,127
9616,DATE+,3291,3295,2004,127
9617,DATE+,3302,3317,14 januari 2022,127
9881,ID,9,12,127,127
9882,title,25,45,besluit_2021-271.pdf,127
9883,event,50,55,Datum,127
9884,event,111,207,"heeft u, met een beroep op de Wet openbaarheid van bestuur (hierna: Wob), verzocht om informatie",127
9885,event,429,479,ontvangst van uw verzoek is schriftelijk bevestigd,127
9618,c: besluit datum,150,161,11 mei 2022,150
9619,c: verzoek datum,205,219,5 januari 2022,150
9620,c: verzoek ontvangen,234,248,6 januari 2022,150
9621,c: ontvangst verzoek bevestigd,490,505,10 januari 2022,150
9622,c: contact,542,557,18 januari 2022,150
9623,c: inwerking treden van Woo,671,681,1 mei 2022,150
9624,c: inwerking treden van Woo,814,819,1 mei,150
9625,DATE+,872,886,5 januari 2022,150
9626,DATE+,1196,1211,7 december 2020,150
9627,DATE+,1232,1247,7 december 2020,150
9887,ID,9,12,150,150
9888,title,25,119,Besluit_op_Wob-verzoek_individuele_tegemoetkoming_NS_slachtoffers_transporten_tijdens_WOII.pdf,150
9889,event,144,149,Datum,150
9890,event,221,230,ontvangen,150
9891,event,250,280,heeft u verzocht om informatie,150
9892,event,419,485,ontvangst van uw verzoek heb ik u schriftelijk bevestigd bij brief,150
9893,event,558,660,heeft u (telefonisch) met medewerkers van mijn ministerie gesproken over de afhandeling van uw verzoek,150
9894,event,682,741,is de Wob vervangen door de Wet open overheid (hierna: Woo),150
9895,event,823,832,Woo geldt,150
9628,DATE+,113,119,2 juni,144
9629,DATE+,120,124,2022,144
9630,c: verzoek datum,148,159,20 mei 2022,144
9631,DATE+,263,271,mei 1940,144
9632,DATE+,322,326,1940,144
9633,DATE+,678,682,1946,144
9634,DATE+,942,947,1934-,144
9635,DATE+,1134,1145,2 juni 2022,144
9896,ID,9,12,144,144
9897,title,25,96,Besluit_op_uw_Woo-verzoek_over_een_dodelijk_incident_Aruba_mei_1940.pdf,144
9898,event,107,112,Datum,144
9899,c: besluit datum,113,124,2 juni 2022,144
9900,event,160,208,heeft u gevraagd om informatie openbaar te maken,144
9755,c: besluit datum,101,114,30 april 2022,133
9756,c: verzoek datum,215,231,26 februari 2021,133
9757,c: verzoek ontvangen,246,262,27 februari 2021,133
9758,DATE+,562,566,2017,133
9759,DATE+,578,594,27 februari 2021,133
9760,DATE+,630,643,11 april 2018,133
9761,DATE+,762,775,11 april 2018,133
9762,DATE+,780,796,27 februari 2021,133
9763,c: verzoek ontvangen,814,830,27 februari 2021,133
9764,c: contact,881,893,2 maart 2021,133
9765,c: ontvangst verzoek bevestigd,1060,1072,4 maart 2021,133
9766,c: contact,1159,1171,5 maart 2021,133
9767,c: beslistermijn verdaagd,1246,1259,23 maart 2021,133
9768,DATE+,1425,1438,30 april 2022,133
9769,DATE+,1959,1972,30 april 2022,133
9770,DATE+,2073,2086,30 april 2022,133
9771,DATE+,2582,2595,30 april 2022,133
9772,DATE+,2948,2961,30 april 2022,133
9773,DATE+,3056,3069,30 april 2022,133
9926,ID,9,12,133,133
9927,title,25,59,Besluit_inzake_Wob-verzoek_PTSS.pd,133
9928,event,95,100,Datum,133
9929,event,233,242,ontvangen,133
9930,event,264,376,heeft u mij met een beroep op de Wet openbaarheid van bestuur (hierna: Wob) verzocht om documenten of informatie,133
9931,event,831,862,heb ik uw Wob-verzoek ontvangen,133
9934,event,1095,1139,heb ik de ontvangst van uw verzoek bevestigd,133
9935,event,1172,1227,heeft u gereageerd inzake de omvang van uw Wob- verzoek,133
9936,event,1283,1360,heb ik u laten weten dat ik de termijn van behandeling met vier weken verleng,133
10746,event,916,985,heb ik u verzocht om contact op te nemen met een van mijn medewerkers,133
9954,DATE+,97,107,2 december,155
9955,DATE+,108,112,2021,155
9956,DATE+,123,131,29 april,155
9957,DATE+,132,136,2022,155
9958,c: verzoek datum,224,239,2 december 2021,155
9959,c: ontvangst verzoek bevestigd,564,580,16 december 2021,155
9960,DATE+,681,696,27 januari 2022,155
9961,c: contact,704,720,22 december 2021,155
9962,DATE+,1008,1023,9 december 2020,155
9963,DATE+,1194,1209,2 december 2021,155
9964,DATE+,1281,1297,22 december 2021,155
9965,DATE+,1378,1394,22 december 2021,155
9966,DATE+,1492,1503,7 juli 2010,155
10022,ID,9,12,155,155
10023,title,25,92,Besluit_op_Wob-verzoek_inzake_goedkeuringsbesluiten_m.b.t_Kifid.pdf,155
10024,event,117,122,Datum,155
10025,c: besluit datum,123,136,29 april 2022,155
10026,event,240,320,heeft u met een beroep op de Wet openbaarheid van bestuur (hierna: Wob) verzocht,155
10028,event,493,559,ontvangst van uw verzoek heb ik u schriftelijk bevestigd bij brief,155
10029,event,721,804,heeft u met medewerkers van mijn ministerie een gesprek gevoerd over uw Wob-verzoek,155
9967,c: besluit datum,155,167,2 maart 2022,152
9968,c: verzoek datum,188,199,22 mei 2021,152
9969,c: verzoek ontvangen,223,234,28 mei 2021,152
9970,c: ontvangst verzoek bevestigd,588,599,8 juni 2021,152
9971,DATE+,663,668,0224-,152
9972,DATE+,669,673,0470,152
9973,DATE+,849,859,0552- 0612,152
9974,DATE+,900,915,9 februari 2022,152
9975,DATE+,1002,1017,9 februari 2022,152
9976,DATE+,1344,1359,9 februari 2022,152
9977,DATE+,1631,1636,0486-,152
9978,DATE+,1637,1641,0489,152
9979,DATE+,2037,2052,9 februari 2022,152
9980,DATE+,2348,2363,9 februari 2022,152
9981,DATE+,2785,2800,9 februari 2022,152
10030,ID,9,12,152,152
10031,title,25,86,Besluit_op_Wob-verzoek_inzake_de_communicatie_met_de_COIA.pdf,152
10032,event,149,154,Datum,152
10033,event,210,219,ontvangen,152
10034,event,236,316,heeft u met een beroep op de Wet openbaarheid van bestuur (hierna: Wob) verzocht,152
10035,event,462,583,"ontvangst van uw Wob-verzoek – alsmede van andere, door u ingediende Wob- verzoeken – is schriftelijk bevestigd bij brief",152
10254,c: besluit datum,144,157,30 april 2022,166
10255,c: verzoek datum,187,201,3 oktober 2021,166
10256,c: verzoek ontvangen,216,230,6 oktober 2021,166
10257,c: ontvangst verzoek bevestigd,462,477,14 oktober 2021,166
10258,c: contact,509,524,20 oktober 2021,166
10259,c: contact,634,647,21 maart 2022,166
10260,DATE+,938,951,30 april 2022,166
10261,DATE+,1573,1577,1009,166
10262,DATE+,1579,1583,1014,166
10263,DATE+,1585,1589,1038,166
10264,DATE+,1597,1601,1044,166
10265,DATE+,1603,1607,1046,166
10266,DATE+,1609,1613,1059,166
10267,DATE+,1615,1619,1062,166
10268,DATE+,1627,1631,1087,166
10269,DATE+,1633,1637,1094,166
10270,DATE+,1639,1643,1098,166
10271,DATE+,1651,1655,1101,166
10272,DATE+,1657,1661,1104,166
10273,DATE+,1663,1667,1111,166
10274,DATE+,1669,1673,1144,166
10275,DATE+,1675,1679,1145,166
10276,DATE+,1681,1685,1149,166
10277,DATE+,1687,1691,1157,166
10278,DATE+,1693,1697,1160,166
10279,DATE+,1699,1703,1169,166
10280,DATE+,1711,1715,1193,166
10281,DATE+,1717,1721,1195,166
10282,DATE+,1723,1727,1235,166
10283,DATE+,1729,1733,1238,166
10284,DATE+,1735,1739,1248,166
10285,DATE+,1741,1745,1250,166
10286,DATE+,1747,1751,1254,166
10287,DATE+,1753,1757,1256,166
10288,DATE+,1759,1763,1300,166
10289,DATE+,1765,1769,1308,166
10290,DATE+,1771,1775,1311,166
10291,DATE+,1777,1781,1315,166
10292,DATE+,1785,1789,1319,166
10293,DATE+,2023,2027,1036,166
10294,DATE+,2029,2033,1037,166
10295,DATE+,2035,2039,1081,166
10296,DATE+,2041,2045,1151,166
10297,DATE+,2047,2051,1171,166
10298,DATE+,2059,2063,1320,166
10299,DATE+,2065,2069,1414,166
10300,DATE+,2071,2075,1416,166
10301,DATE+,2077,2081,1418,166
10302,DATE+,2083,2087,1420,166
10303,DATE+,2089,2093,1422,166
10304,DATE+,2095,2099,1424,166
10305,DATE+,2101,2105,1430,166
10306,DATE+,2107,2111,1431,166
10307,DATE+,2119,2123,1433,166
10308,DATE+,2125,2129,1434,166
10309,DATE+,2131,2135,1463,166
10310,DATE+,2137,2141,1464,166
10311,DATE+,2143,2147,1465,166
10312,DATE+,2149,2153,1466,166
10313,DATE+,2155,2159,1467,166
10314,DATE+,2161,2165,1469,166
10315,DATE+,2167,2171,1470,166
10316,DATE+,2173,2177,1471,166
10317,DATE+,2179,2183,1472,166
10318,DATE+,2185,2189,1473,166
10319,DATE+,2191,2195,1475,166
10320,DATE+,2197,2201,1476,166
10321,DATE+,2203,2207,1477,166
10322,DATE+,2209,2213,1478,166
10323,DATE+,2215,2219,1479,166
10324,DATE+,2221,2225,1480,166
10325,DATE+,2227,2231,1482,166
10326,DATE+,2233,2237,1483,166
10327,DATE+,2239,2243,1488,166
10328,DATE+,2245,2249,1489,166
10329,DATE+,2251,2255,1490,166
10330,DATE+,2257,2261,1491,166
10331,DATE+,2263,2267,1492,166
10332,DATE+,2269,2273,1493,166
10333,DATE+,2275,2279,1494,166
10334,DATE+,2281,2285,1495,166
10335,DATE+,2287,2291,1496,166
10336,DATE+,2293,2297,1497,166
10337,DATE+,2305,2309,1499,166
10338,DATE+,2317,2321,1501,166
10339,DATE+,2323,2327,1502,166
10340,DATE+,2329,2333,1503,166
10341,DATE+,2335,2339,1504,166
10342,DATE+,2341,2345,1505,166
10343,DATE+,2347,2351,1506,166
10344,DATE+,2353,2357,1507,166
10345,DATE+,2359,2363,1508,166
10346,DATE+,2365,2369,1509,166
10347,DATE+,2371,2375,1510,166
10348,DATE+,2377,2381,1511,166
10349,DATE+,2383,2387,1513,166
10350,DATE+,2389,2393,1514,166
10351,DATE+,2395,2399,1515,166
10352,DATE+,2401,2405,1516,166
10353,DATE+,2407,2411,1517,166
10354,DATE+,2413,2417,1518,166
10355,DATE+,2419,2423,1519,166
10356,DATE+,2427,2431,1520,166
10357,DATE+,2538,2551,30 april 2022,166
10358,DATE+,3017,3021,1014,166
10359,DATE+,3023,3027,1038,166
10360,DATE+,3035,3039,1044,166
10361,DATE+,3041,3045,1046,166
10362,DATE+,3047,3051,1059,166
10363,DATE+,3053,3057,1062,166
10364,DATE+,3065,3069,1087,166
10365,DATE+,3071,3075,1094,166
10366,DATE+,3077,3081,1098,166
10367,DATE+,3089,3093,1104,166
10368,DATE+,3095,3099,1111,166
10369,DATE+,3101,3105,1144,166
10370,DATE+,3107,3111,1145,166
10371,DATE+,3113,3117,1149,166
10372,DATE+,3119,3123,1157,166
10373,DATE+,3125,3129,1160,166
10374,DATE+,3131,3135,1169,166
10375,DATE+,3143,3147,1193,166
10376,DATE+,3149,3153,1235,166
10377,DATE+,3155,3159,1238,166
10378,DATE+,3161,3165,1248,166
10379,DATE+,3167,3171,1250,166
10380,DATE+,3173,3177,1254,166
10381,DATE+,3179,3183,1256,166
10382,DATE+,3185,3189,1300,166
10383,DATE+,3191,3195,1308,166
10384,DATE+,3197,3201,1311,166
10385,DATE+,3203,3207,1315,166
10386,DATE+,3209,3213,1319,166
10387,DATE+,3275,3279,1009,166
10388,DATE+,3281,3285,1101,166
10389,DATE+,3287,3291,1195,166
10390,DATE+,3631,3644,30 april 2022,166
10391,DATE+,3837,3841,1009,166
10392,DATE+,3843,3847,1101,166
10393,DATE+,3851,3855,1195,166
10394,DATE+,4172,4185,30 april 2022,166
10423,ID,9,12,166,166
10424,title,25,106,Besluit_op_Wob-verzoek_overheidscampagne_Drop_je_knife_en_doe_wat_met_je_life.pdf,166
10425,event,138,143,Datum,166
10426,event,203,212,ontvangen,166
10427,event,233,324,heeft u met een beroep op de Wet openbaarheid van bestuur (hierna: Wob) informatie verzocht,166
10428,event,397,457,ontvangst van uw verzoek is schriftelijk bevestigd bij brief,166
10429,event,525,573,contact gehad met om het verzoek te specificeren,166
10430,event,592,629,bent er over geïnformeerd in de brief,166
10431,event,648,827,dat er derde belanghebbenden zijn bij de openbaarmaking van (een aantal van) de aangetroffen documenten en dat deze in de gelegenheid zijn gesteld hierover hun zienswijze te geven,166
10625,c: besluit datum,151,164,30 maart 2022,180
10626,c: verzoek datum,181,193,8 maart 2022,180
10627,c: verzoek ontvangen,217,230,14 maart 2022,180
10628,DATE+,355,367,30 september,180
10629,c: ontvangst verzoek bevestigd,390,403,15 maart 2022,180
10630,c: contact,460,473,18 maart 2022,180
10631,DATE+,583,600,30 september 2021,180
10632,DATE+,626,643,30 september 2021,180
10633,DATE+,723,736,30 maart 2022,180
10634,DATE+,817,830,30 maart 2022,180
10635,DATE+,1262,1275,30 maart 2022,180
10636,DATE+,2239,2252,30 maart 2022,180
10708,event,145,150,Datum,180
10709,event,204,213,ontvangen,180
10710,event,232,318,met een beroep op de Wet openbaarheid van bestuur (hierna: Wob) om informatie verzocht,180
10711,event,328,345,overleggen hebben,180
10712,event,368,382,plaatsgevonden,180
10713,c: contact,349,367,29 en 30 september,180
10714,event,404,444,is de ontvangst van uw verzoek bevestigd,180
10716,ID,9,12,180,180
10717,title,25,125,Besluit_op_Wob-verzoek_over_overleg_aanbod_chartervlucht_Kabul-Pakistan_met_evacuees_Afghanistan.pdf,180
10747,event,478,544,gesprek gehad met vertegenwoordigers van mijn ministerie en de IND,180
