id,label,start,end,text,doc_id,sentence,event,event_ids,start_event,end_event,class,complete_date,ISO_date
4975,c: besluit datum,128,140,30 juni 2022,269,"Wob medewerker T 088 042 42 42 KPEU Wob@rvo.nl D atum 30 juni 2022 Onze referentie Wob/2022/071 Betreft Besluit op uw Wob-verzoek Geachte heer, mevrouw In uw brief van 11 april 2022, heeft u, met een beroep op de Wet openbaarheid van bestuur (hierna: Wob), informatie verzocht over de gecombineerde opgaven van 2013, 2014 en 2017 van , Blessumerpaed 17-A te Boksum.",D atum,[5271],[121],[127],besluit datum,30 juni 2022,2022-06-30
4976,c: verzoek datum,242,255,11 april 2022,269,"Wob medewerker T 088 042 42 42 KPEU Wob@rvo.nl D atum 30 juni 2022 Onze referentie Wob/2022/071 Betreft Besluit op uw Wob-verzoek Geachte heer, mevrouw In uw brief van 11 april 2022, heeft u, met een beroep op de Wet openbaarheid van bestuur (hierna: Wob), informatie verzocht over de gecombineerde opgaven van 2013, 2014 en 2017 van , Blessumerpaed 17-A te Boksum.","heeft u, met een beroep op de Wet openbaarheid van bestuur (hierna: Wob), informatie verzocht",[5272],[257],[350],verzoek datum,11 april 2022,2022-04-11
4980,c: ontvangst verzoek bevestigd,521,534,15 april 2022,269,Procedure De ontvangst van uw verzoek is schriftelijk bevestigd bij brief van 15 april 2022.,ontvangst van uw verzoek is schriftelijk bevestigd bij brief,[8271],[456],[516],ontvangst verzoek bevestigd,15 april 2022,2022-04-15
4982,c: inwerking treden van Woo,636,646,1 mei 2022,269,Wettelijk kader Op 1 mei 2022 is de Wob ingetrokken en vervangen door de Wet open overheid (Woo).,is de Wob ingetrokken en vervangen door de Wet open overheid (Woo),[5275],[646],[713],inwerking treden van Woo,1 mei 2022,2022-05-01
4992,c: besluit datum,113,129,23 augustus 2022,262,Verzonden op 23 augustus 2022,Verzonden op,[5281],[100],[112],besluit datum,23 augustus 2022,2022-08-23
4994,c: verzoek datum,197,208,11 mei 2022,262,"In uw verzoek van 11 mei 2022, heeft u de Nederlandse Voedsel en Warenautoriteit (hierna: NVWA) gevraagd om het rapport openbaar te maken over het toezicht naar aanleiding van een ongeval met een trampoline.",heeft u de Nederlandse Voedsel en Warenautoriteit (hierna: NVWA) gevraagd om het rapport openbaar te maken,[5282],[210],[316],verzoek datum,11 mei 2022,2022-05-11
4995,c: ontvangst verzoek bevestigd,393,404,11 mei 2022,262,Op 11 mei 2022 heeft u bericht ontvangen dat uw verzoek in goede orde is ontvangen.,heeft u bericht ontvangen dat uw verzoek in goede orde is ontvangen,[5283],[405],[472],ontvangst verzoek bevestigd,11 mei 2022,2022-05-11
4996,c: contact,480,491,8 juni 2022,262,Op 8 juni 2022 heb ik aangegeven dat de beoordeling van uw verzoek meer tijd in beslag neemt.,heb ik aangegeven dat de beoordeling van uw verzoek meer tijd in beslag neemt,[5284],[492],[569],contact,8 juni 2022,2022-06-08
4997,c: contact,602,613,1 juli 2022,262,Over dit verzoek heeft u op 1 juli 2022 contact gehad met een medewerker van het Team Openbaarmaking en Privacy van de NVWA.,heeft u contact gehad,"[10718, 5287]","[591, 614]","[598, 627]",contact,1 juli 2022,2022-07-01
4998,c: inwerking treden van Woo,705,715,1 mei 2022,262,Op 1 mei 2022 is echter de Woo inwerking getreden en is de Wob ingetrokken (artikel 10.1.,is echter de Woo inwerking getreden en is de Wob ingetrokken,[5289],[716],[776],inwerking treden van Woo,1 mei 2022,2022-05-01
5009,c: besluit datum,131,142,8 juli 2022,271,Kenmerk BZ-2022.9762 Datum 8 juli 2022,Datum,[5292],[125],[130],besluit datum,8 juli 2022,2022-07-08
5010,c: verzoek datum,164,176,5 april 2022,271,"heer U heeft op 5 april 2022, door mij ontvangen op 6 april 2022, met een beroep op de Wet openbaarheid van bestuur (hierna: Wob) om informatie verzocht.",heeft met een beroep op de Wet openbaarheid van bestuur (hierna: Wob) om informatie verzocht,"[8270, 5294]","[155, 214]","[160, 300]",verzoek datum,5 april 2022,2022-04-05
5011,c: verzoek ontvangen,200,212,6 april 2022,271,"heer U heeft op 5 april 2022, door mij ontvangen op 6 april 2022, met een beroep op de Wet openbaarheid van bestuur (hierna: Wob) om informatie verzocht.",ontvangen,[5293],[187],[196],verzoek ontvangen,6 april 2022,2022-04-06
5012,c: overig,377,389,2 maart 2022,271,"Uw verzoek heeft betrekking op de verordening die de Raad van Europa op 2 maart 2022 publiceerde op grond waarvan het, kort gezegd, dienstverleners wordt verboden om uitzendingen van RT en Sputnik te faciliteren.",verordening die de Raad van Europa publiceerde,"[7797, 7798]","[339, 390]","[373, 401]",overig,2 maart 2022,2022-03-02
5013,c: ontvangst verzoek bevestigd,583,593,4 mei 2022,271,De ontvangst van uw verzoek is per e-mailbericht bevestigd op 4 mei 2022.,ontvangst van uw verzoek is per e-mailbericht bevestigd,[5297],[524],[579],ontvangst verzoek bevestigd,4 mei 2022,2022-05-04
5014,c: overig,601,613,16 juni 2022,271,Op 16 juni 2022 heeft u mij in gebreke gesteld nu u nog geen besluit heeft ontvangen en de beslistermijn is verstreken.,heeft u mij in gebreke gesteld nu u nog geen besluit heeft ontvangen en de beslistermijn is verstreken,[5298],[614],[716],overig,16 juni 2022,2022-06-16
5015,c: inwerking treden van Woo,727,737,1 mei 2022,271,Vanaf 1 mei 2022 is de Wob vervangen door de Woo.,is de Wob vervangen door de Woo,[5299],[738],[769],inwerking treden van Woo,1 mei 2022,2022-05-01
5016,c: inwerking treden van Woo,830,835,1 mei,271,"De Woo kent geen overgangsrecht, dit betekent dat vanaf 1 mei de Woo geldt.",Woo geldt,[5300],[839],[848],inwerking treden van Woo,1 mei 2020,2020-05-01
5028,c: besluit datum,126,137,13 mei 2022,267,"Woo-medewerker T 088 042 42 42 KPEU_Wob@rvo.nl D atum 13 mei 2022 B etreft Besluit op uw Wob-verzoek Onze referentie WOB/2022/021 Geachte heer/mevrouw , In uw brief van 1 februari 2022 heeft u, met een beroep op de Wet openbaarheid van bestuur (hierna: Wob), verzocht om informatie.",D atum,[5304],[119],[125],besluit datum,13 mei 2022,2022-05-13
5029,c: verzoek datum,241,256,1 februari 2022,267,"Woo-medewerker T 088 042 42 42 KPEU_Wob@rvo.nl D atum 13 mei 2022 B etreft Besluit op uw Wob-verzoek Onze referentie WOB/2022/021 Geachte heer/mevrouw , In uw brief van 1 februari 2022 heeft u, met een beroep op de Wet openbaarheid van bestuur (hierna: Wob), verzocht om informatie.","heeft u, met een beroep op de Wet openbaarheid van bestuur (hierna: Wob), verzocht om informatie",[5305],[257],[353],verzoek datum,1 februari 2022,2022-02-01
5034,c: ontvangst verzoek bevestigd,813,828,2 februari 2022,267,De ontvangst van uw verzoek is schriftelijk bevestigd bij brief van 2 februari 2022.,ontvangst van uw verzoek is schriftelijk bevestigd bij brief,[8265],[748],[808],ontvangst verzoek bevestigd,2 februari 2022,2022-02-02
5035,c: inwerking treden van Woo,852,862,1 mei 2022,267,Wettelijk kader Op 1 mei 2022 is de Wob ingetrokken en vervangen door de Wet open overheid (Woo).,is de Wob ingetrokken en vervangen door de Wet open overheid (Woo),[5309],[863],[929],inwerking treden van Woo,1 mei 2022,2022-05-01
5310,c: besluit datum,220,233,29 april 2022,74,Correspondentieadres Belastingdienst/kantoor Den Haag Postbus 30206 2500 GE Den Haag Doorkiesnummer E-mailadres Datum Betreft: Beslissing Wob-verzoek 29 april 2022,Datum Betreft: Beslissing Wob-verzoek,[7799],[182],[219],besluit datum,29 april 2022,2022-04-29
5311,c: verzoek ontvangen,262,279,15 september 2021,74,heer Behandeld door Op 15 september 2021 ontving ik uw verzoek om informatie op grond van de Wet Ons kenmerk openbaarheid van bestuur (hierna: Wob).,ontving ik uw verzoek om informatie,[7761],[280],[315],verzoek ontvangen,15 september 2021,2021-09-15
5312,c: verzoek datum,448,465,15 september 2021,74,"afschrijfbaar Beoordeling van uw verzoek In uw brief van 15 september 2021 verzoekt u op grond van de Wob om de volgende informatie: ""Dit verzoek is opgesteld in het kader van de kwalificatie van een bedrijfsmiddel in de breedste zin des woords.",verzoekt u op grond van de Wob om de volgende informatie,[7762],[466],[522],verzoek datum,15 september 2021,2021-09-15
7772,c: besluit datum,142,154,1 april 2022,25,"Wob-medewerker T 088 042 42 42 KPEU_Wob@rvo.nl Datum 1 april 2022 Onze referentie Betreft Besluit op uw Wob-verzoek WOB/2021/297 Geachte , In uw brief van 14 december 2021 heeft u met een beroep op de Wet openbaarheid van bestuur (hierna: Wob) verzocht, namens , om informatie over geregistreerd mesttransport naar het perceel op plangebied Akkerlanen (gelegen tussen de Akkerlaan, de Vijverlaan en het Postpad in de gemeente Waalwijk, welk perceel volgens de basisregistratie als grasland is aangemerkt voor de periode van 2010 t/m 2020.",Datum,[7773],[136],[141],besluit datum,1 april 2022,2022-04-01
5468,c: verzoek datum,244,260,14 december 2021,25,"Wob-medewerker T 088 042 42 42 KPEU_Wob@rvo.nl Datum 1 april 2022 Onze referentie Betreft Besluit op uw Wob-verzoek WOB/2021/297 Geachte , In uw brief van 14 december 2021 heeft u met een beroep op de Wet openbaarheid van bestuur (hierna: Wob) verzocht, namens , om informatie over geregistreerd mesttransport naar het perceel op plangebied Akkerlanen (gelegen tussen de Akkerlaan, de Vijverlaan en het Postpad in de gemeente Waalwijk, welk perceel volgens de basisregistratie als grasland is aangemerkt voor de periode van 2010 t/m 2020.","heeft u met een beroep op de Wet openbaarheid van bestuur (hierna: Wob) verzocht, namens , om informatie",[7774],[261],[365],verzoek datum,14 december 2021,2021-12-14
5471,c: ontvangst verzoek bevestigd,709,725,27 december 2021,25,"Procedure De ontvangst van uw verzoek is schriftelijk bevestigd bij brief van 27 december 2021, kenmerk WOB/2021/297.",ontvangst van uw verzoek is schriftelijk bevestigd bij brief,[8276],[644],[704],ontvangst verzoek bevestigd,27 december 2021,2021-12-27
5512,c: besluit datum,98,111,11 april 2022,101,Datum 11 april 2022,Datum,[7790],[92],[97],besluit datum,11 april 2022,2022-04-11
5513,c: verzoek datum,121,136,16 januari 2022,101,", Op 16 januari 2022 heeft u een Wob-verzoek per e-mail ingediend bij ABD Topconsult en het Ministerie van Landbouw, Natuur en voedselkwaliteit (verder: Ministerie van LNV).",heeft u een Wob-verzoek per e-mail ingediend,[7791],[137],[181],verzoek datum,16 januari 2022,2022-01-16
5514,c: overig,343,353,april 2021,101,Dit rapport is door ABD Topconsult uitgebracht in april 2021.,rapport is door ABD Topconsult uitgebracht,[7792],[297],[339],overig,15 april 2021,2021-04-15
5515,c: overig,361,368,2 maart,101,"Op 2 maart is dit verzoek vanuit het Ministerie van LNV doorgestuurd naar mijn ministerie, omdat het documenten zou betreffen die gedeeltelijk bij mijn ministerie zouden berusten.",is dit verzoek vanuit het Ministerie van LNV doorgestuurd naar mijn ministerie,[7794],[369],[447],overig,2 maart 2022,2022-03-02
5516,c: ontvangst verzoek bevestigd,615,627,3 maart 2022,101,"De ontvangst van uw verzoek heb ik u schriftelijk bevestigd bij brief van 3 maart 2022, met kenmerk nummer 2022-0000062533.",ontvangst van uw verzoek heb ik u schriftelijk bevestigd bij brief,[8279],[544],[610],ontvangst verzoek bevestigd,3 maart 2022,2022-03-03
5526,c: besluit datum,267,279,5 april 2022,50,> Retouradres Postbus 43006 3540 AA Utrecht directie Strategie divisie Juridische zaken Catharijnesingel 59 AANGETEKEND 3511 GG Utrecht Postbus 43006 3540 AA Utrecht www.nvwa.nl Onze referentie TRCNVWA/2022/2598 Datum: 5 april 2022 verstuurd per e-mail,Datum,[7816],[260],[265],besluit datum,5 april 2022,2022-04-05
5527,c: verzoek datum,314,326,26 juli 2021,50,heer Op 26 juli 2021 heeft u per e-mail een Wob-verzoek ingediend.,heeft u per e-mail een Wob-verzoek ingediend,[7817],[326],[371],verzoek datum,26 juli 2021,2021-07-26
5528,c: ontvangst verzoek bevestigd,432,444,27 juli 2021,50,De ontvangst van uw verzoek is bevestigd bij e-mail van 27 juli 2021 met kenmerk 21-0599.,ontvangst van uw verzoek is bevestigd bij e-mail,[8280],[379],[427],ontvangst verzoek bevestigd,27 juli 2021,2021-07-27
5529,c: contact,496,512,24 februari 2022,50,Zienswijzen Bij e-mail van 24 februari 2022 heb ik u geïnformeerd dat ik de aangetroffen documenten aan de derde-belanghebbende opgestuurd heb voor zienswijze.,heb ik u geïnformeerd dat ik de aangetroffen documenten aan de derde-belanghebbende opgestuurd heb voor zienswijze,[10741],[513],[627],contact,24 februari 2022,2022-02-24
5763,c: besluit datum,118,129,18 mei 2022,105,Datum 18 mei 2022,Datum,[7877],[112],[117],besluit datum,18 mei 2022,2022-05-18
5764,c: verzoek datum,152,167,31 januari 2022,105,"In uw e-mail van 31 januari 2022, ontvangen op diezelfde datum, heeft u met een beroep op de Wet openbaarheid van bestuur (hierna: Wob) verzocht om de geïnventariseerde signalen met betrekking tot zorgen, onjuistheden, weeffouten of onrechtmatigheden bij de compensatie binnen de toeslagenaffaire.",heeft u met een beroep op de Wet openbaarheid van bestuur (hierna: Wob) verzocht,[7878],[199],[279],verzoek datum,31 januari 2022,2022-01-31
5765,c: ontvangst verzoek bevestigd,510,525,9 februari 2022,105,"De ontvangst van uw verzoek heb ik u schriftelijk bevestigd bij brief van 9 februari 2022, met kenmerk 2022-0000043289.",ontvangst van uw verzoek heb ik u schriftelijk bevestigd bij brief,[7879],[439],[505],ontvangst verzoek bevestigd,9 februari 2022,2022-02-09
5766,c: contact,571,584,10 maart 2022,105,Ik heb u op 10 maart 2022 uitgenodigd voor een gesprek over de behandeling van uw Wob-verzoek.,uitgenodigd voor een gesprek over de behandeling van uw Wob-verzoek,[10738],[585],[652],contact,10 maart 2022,2022-03-10
5767,c: inwerking treden van Woo,663,673,1 mei 2022,105,Vanaf 1 mei 2022 is de Wob vervangen door de Wet open overheid (hierna: Woo).,is de Wob vervangen door de Wet open overheid (hierna: Woo),[7881],[674],[733],inwerking treden van Woo,1 mei 2022,2022-05-01
5768,c: inwerking treden van Woo,794,799,1 mei,105,"De Woo kent geen overgangsrecht, wat betekent dat vanaf 1 mei de Woo geldt.",Woo geldt,[7882],[803],[812],inwerking treden van Woo,1 mei 2020,2020-05-01
5773,c: besluit datum,111,128,23 september 2022,34,Datum 23 september 2022,Datum,[7885],[105],[110],besluit datum,23 september 2022,2022-09-23
5774,c: verzoek datum,151,167,9 september 2022,34,"In uw verzoek van 9 september 2022, door mij ontvangen op dezelfde datum, heeft u OCW gevraagd informatie openbaar to maken m.b.t.",heeft u OCW gevraagd informatie openbaar to maken,[7886],[207],[256],verzoek datum,9 september 2022,2022-09-09
5777,c: contact,575,592,13 september 2022,34,Er is op 13 september 2022 telefonisch contact geweest ter bevestiging van het bovenstaande.,telefonisch contact geweest ter bevestiging,[7887],[593],[636],contact,13 september 2022,2022-09-13
5778,c: contact,679,696,14 september 2022,34,In de e-mail van 14 september 2022 is ook aan u aanvullende informatie verschaft.,is ook aan u aanvullende informatie verschaft,[7888],[697],[742],contact,14 september 2022,2022-09-14
5782,c: besluit datum,113,126,20 april 2022,87,IENW/BSK-2022/79875 Datum 20 april 2022,Datum,[7891],[107],[112],besluit datum,20 april 2022,2022-04-20
5783,c: verzoek datum,153,167,7 oktober 2021,87,"heer In uw brief van 7 oktober 2021, ontvangen op 22 oktober 2021, heeft u met een beroep op de Wet openbaarheid van bestuur (hierna: Wob) informatie verzocht over het vertrek van minister Van Nieuwenhuizen naar de Vereniging Energie Nederland.",heeft u met een beroep op de Wet openbaarheid van bestuur (hierna: Wob) informatie verzocht,[8281],[199],[290],verzoek datum,7 oktober 2021,2021-10-07
5784,c: verzoek ontvangen,182,197,22 oktober 2021,87,"heer In uw brief van 7 oktober 2021, ontvangen op 22 oktober 2021, heeft u met een beroep op de Wet openbaarheid van bestuur (hierna: Wob) informatie verzocht over het vertrek van minister Van Nieuwenhuizen naar de Vereniging Energie Nederland.",ontvangen,[7892],[169],[178],verzoek ontvangen,22 oktober 2021,2021-10-22
5787,c: ontvangst verzoek bevestigd,524,539,22 oktober 2021,87,Verloop van de procedure De ontvangst van uw verzoek is op 22 oktober 2021 per e-mail bevestigd.,ontvangst van uw verzoek is per e-mail bevestigd,"[7895, 7896]","[493, 540]","[520, 560]",ontvangst verzoek bevestigd,22 oktober 2021,2021-10-22
5788,c: beslistermijn verdaagd,588,604,19 november 2021,87,De beslistermijn is op 19 november 2021 met vier weken verdaagd.,beslistermijn is met vier weken verdaagd,"[7897, 7898]","[568, 605]","[584, 628]",beslistermijn verdaagd,19 november 2021,2021-11-19
5789,c: contact,652,668,19 november 2021,87,Hierover bent u op 19 november 2021 per e-mail geïnformeerd.,bent u per e-mail geïnformeerd,"[7899, 7900]","[642, 669]","[648, 692]",contact,19 november 2021,2021-11-19
5790,c: overig,700,714,3 januari 2022,87,Op 3 januari 2022 heeft u mij in gebreke gesteld.,heeft u mij in gebreke gesteld,[7901],[715],[745],overig,3 januari 2022,2022-01-03
5791,c: overig,753,768,17 januari 2022,87,Op 17 januari 2022 heeft u bij de rechtbank Midden-Nederland een beroep niet tijdig beslissen ingesteld.,heeft u bij de rechtbank Midden-Nederland een beroep niet tijdig beslissen ingesteld,[7902],[769],[853],overig,17 januari 2022,2022-01-17
5793,c: overig,1038,1050,3 maart 2022,87,Zienswijzen Op 3 maart 2022 zijn belanghebbenden in de gelegenheid gesteld om hun zienswijze naar voren te brengen.,zijn belanghebbenden in de gelegenheid gesteld om hun zienswijze naar voren te brengen,[7903],[1051],[1137],overig,3 maart 2022,2022-03-03
7904,c: overig,1145,1163,9 en 10 maart 2022,87,Op 9 en 10 maart 2022 hebben de belanghebbenden hun zienswijze naar voren gebracht.,hebben de belanghebbenden hun zienswijze naar voren gebracht,[7905],[1164],[1224],overig,10 maart 2022,2022-03-10
5850,c: besluit datum,155,170,28 januari 2022,45,"mr. 3540 AA Utrecht www.nvwa.nl Onze referentie TRCNVWA/2021/6177 Datum: Uitsluitend verstuurd per mail op 28 januari 2022 Betreft: Besluit op Wob-verzoek 21-0200 Geachte heer , In uw brief van 4 maart 2021, ontvangen op 5 maart 2021, heeft u met een beroep op de Wet openbaarheid van bestuur (hierna: Wob) informatie verzocht om alle rapporten van bevindingen, voornemens tot boeteopleggingen en boetebeschikkingen over de periode 2018 tot en met 4 maart 2021 met betrekking tot Bijlage I, Hoofdstuk I, onder 1 t/m 3 van de Verordening (EG) nr.",Datum: Uitsluitend verstuurd per mail op,[7918],[114],[154],besluit datum,28 januari 2022,2022-01-28
5851,c: verzoek datum,242,254,4 maart 2021,45,"mr. 3540 AA Utrecht www.nvwa.nl Onze referentie TRCNVWA/2021/6177 Datum: Uitsluitend verstuurd per mail op 28 januari 2022 Betreft: Besluit op Wob-verzoek 21-0200 Geachte heer , In uw brief van 4 maart 2021, ontvangen op 5 maart 2021, heeft u met een beroep op de Wet openbaarheid van bestuur (hierna: Wob) informatie verzocht om alle rapporten van bevindingen, voornemens tot boeteopleggingen en boetebeschikkingen over de periode 2018 tot en met 4 maart 2021 met betrekking tot Bijlage I, Hoofdstuk I, onder 1 t/m 3 van de Verordening (EG) nr.",heeft u met een beroep op de Wet openbaarheid van bestuur (hierna: Wob) informatie verzocht,[7920],[283],[375],verzoek datum,4 maart 2021,2021-03-04
5852,c: verzoek ontvangen,269,281,5 maart 2021,45,"mr. 3540 AA Utrecht www.nvwa.nl Onze referentie TRCNVWA/2021/6177 Datum: Uitsluitend verstuurd per mail op 28 januari 2022 Betreft: Besluit op Wob-verzoek 21-0200 Geachte heer , In uw brief van 4 maart 2021, ontvangen op 5 maart 2021, heeft u met een beroep op de Wet openbaarheid van bestuur (hierna: Wob) informatie verzocht om alle rapporten van bevindingen, voornemens tot boeteopleggingen en boetebeschikkingen over de periode 2018 tot en met 4 maart 2021 met betrekking tot Bijlage I, Hoofdstuk I, onder 1 t/m 3 van de Verordening (EG) nr.",ontvangen,[7919],[256],[265],verzoek ontvangen,5 maart 2021,2021-03-05
5856,c: ontvangst verzoek bevestigd,676,688,8 maart 2021,45,"De ontvangst van uw verzoek is schriftelijk bevestigd bij brief van 8 maart 2021, kenmerk 21-0200.",ontvangst van uw verzoek is schriftelijk bevestigd bij brief,[7922],[611],[671],ontvangst verzoek bevestigd,8 maart 2021,2021-03-08
5857,c: beslistermijn verdaagd,726,739,29 maart 2021,45,In de brief van 29 maart 2021 is de beslistermijn met vier weken verdaagd tot 27 april 2021.,is de beslistermijn met vier weken verdaagd,[7923],[740],[783],beslistermijn verdaagd,29 maart 2021,2021-03-29
5859,c: besluit datum,341,354,13 april 2022,85,Retouradres Postbus 20350 2500 E.) Den Haag Directie Wetgeving en 3uridische Zaken Bezoekadres: Pamassusplein 5 2511 VX Den Haag T 070 340 79 11 F 070 340 59 84 www.rijksoverheld.ni Inlichtingen bi Datum: 13 april 2022,Datum,[7927],[334],[339],besluit datum,13 april 2022,2022-04-13
5860,c: verzoek datum,405,420,27 januari 2022,85,A en 3 documenten Uw e-mail In uw e-mail van 27 januari 2022 heeft u met een beroep op de Wet openbaarheid 27 januari 2022 van bestuur (hierna: Wob) verzocht om informatie over Briedis Jeugdbeschermers.,heeft u met een beroep op de Wet openbaarheid van bestuur (hierna: Wob) verzocht om informatie,"[7928, 7929]","[421, 483]","[466, 531]",verzoek datum,27 januari 2022,2022-01-27
5875,c: beslistermijn verdaagd,1675,1691,21 februari 2022,85,In de brief van 21 februari 2022 is de beslistermijn met vier weken verdaagd tot 24 maart 2022.,is de beslistermijn met vier weken verdaagd,[7932],[1692],[1735],beslistermijn verdaagd,21 februari 2022,2022-02-21
5877,c: beslistermijn verdaagd,1774,1786,9 maart 2022,85,In de brief van 9 maart 2022 bent u geïnformeerd over de opschorting van de beslistermijn met drie weken in verband met zienswijzeverzoeken.,bent u geïnformeerd over de opschorting van de beslistermijn met drie weken,[7933],[1787],[1862],beslistermijn verdaagd,9 maart 2022,2022-03-09
6008,c: besluit datum,251,263,22 juni 2022,113,Ondernemend Nederland Vergunningen en Handhaving Mandemaat 3 Assen Postbus 40225 8004 DE Zwolle www.rvo.nl Contactpersoon Woo-medewerker T 088 042 42 42 woo-unit@rvo.nl Datum 22 juni 2022,Datum,[7956],[245],[250],besluit datum,22 juni 2022,2022-06-22
6009,c: verzoek datum,288,301,29 maart 2022,113,"Met uw verzoek van 29 maart 2022 heeft u de Rijksdienst voor Ondernemend Nederland (hierna: RVO.nl) gevraagd om informatie openbaar te maken over alle stukken, verslagen, notulen app/msm contacten, interne stukken en correspondentie met derden in relatie tot totstandkoming van fosfaatreductieplan vanaf 2014 voor Ook alle stukken t.a.v.",heeft u de Rijksdienst voor Ondernemend Nederland (hierna: RVO.nl) gevraagd om informatie openbaar te maken,[7957],[302],[409],verzoek datum,29 maart 2022,2022-03-29
6011,c: ontvangst verzoek bevestigd,756,768,8 april 2022,113,totstandkoming en uitvoering fosfaatrechtenstelsel met informatie over schrappen/laten verdwijnen van de erkenning als koper boerderijmelk van Op 8 april 2022 heeft u bericht ontvangen dat uw verzoek in goede orde is ontvangen.,heeft u bericht ontvangen dat uw verzoek in goede orde is ontvangen,[8284],[769],[836],ontvangst verzoek bevestigd,8 april 2022,2022-04-08
6013,c: inwerking treden van Woo,922,932,1 mei 2022,113,Wettelijk kader Op 1 mei 2022 is de Wob ingetrokken en vervangen door de Wet open overheid (Woo).,is de Wob ingetrokken en vervangen door de Wet open overheid (Woo),[7958],[933],[999],inwerking treden van Woo,1 mei 2022,2022-05-01
6074,c: besluit datum,164,179,9 februari 2022,18,"Janssen 8004 DE Zwolle STEENOVENWEG 4A T 088 042 42 42 5708 HN HELMOND Onze referentie 5708HN4 WOB/2021/281 Datum: 9 februari 2022 Betreft: Geanonimiseerd afschrift besluit Wob-verzoek Mani B.V. Geachte heer Janssen, Met uw bericht van 22 november 2021 heeft u met een beroep op de Wet openbaarheid van bestuur (hierna: Wob) om informatie verzocht over een bedrijf dat deelneemt aan de Subsidieregeling sanering varkenshouderijen.",Datum,[7987],[157],[162],besluit datum,9 februari 2022,2022-02-09
6075,c: verzoek datum,285,301,22 november 2021,18,"Janssen 8004 DE Zwolle STEENOVENWEG 4A T 088 042 42 42 5708 HN HELMOND Onze referentie 5708HN4 WOB/2021/281 Datum: 9 februari 2022 Betreft: Geanonimiseerd afschrift besluit Wob-verzoek Mani B.V. Geachte heer Janssen, Met uw bericht van 22 november 2021 heeft u met een beroep op de Wet openbaarheid van bestuur (hierna: Wob) om informatie verzocht over een bedrijf dat deelneemt aan de Subsidieregeling sanering varkenshouderijen.",heeft u met een beroep op de Wet openbaarheid van bestuur (hierna: Wob) om informatie verzocht,[7988],[302],[396],verzoek datum,22 november 2021,2021-11-22
6076,c: ontvangst verzoek bevestigd,551,566,1 december 2021,18,Beslistermijn De ontvangst van uw verzoek heb ik met mijn brief van 1 december 2021 bevestigd.,ontvangst van uw verzoek heb ik met mijn brief bevestigd,"[7989, 7990]","[500, 567]","[546, 576]",ontvangst verzoek bevestigd,1 december 2021,2021-12-01
6078,c: beslistermijn verdaagd,683,698,11 januari 2022,18,Met mijn brief van 11 januari 2022 heb ik u medegedeeld dat de beslistermijn is opgeschort tot 27 januari 2022 vanwege het vragen van een zienswijze aan derden.,heb ik u medegedeeld dat de beslistermijn is opgeschort,[7992],[699],[754],beslistermijn verdaagd,11 januari 2022,2022-01-11
6105,c: besluit datum,174,191,28 september 2022,63,Betreft: Beslissing verzoek Wet open overheid Datum 28 september 2022,Datum,[7999],[168],[173],besluit datum,28 september 2022,2022-09-28
6106,c: verzoek ontvangen,200,213,14 april 2022,63,Op 14 april 2022 ontving ik uw verzoek om op grond van de Wet openbaarheid bestuur (hierna: Wob) informatie openbaar to maken.,ontving ik uw verzoek om op grond van de Wet openbaarheid bestuur (hierna: Wob) informatie openbaar to maken,[8000],[214],[322],verzoek ontvangen,14 april 2022,2022-04-14
6107,c: inwerking treden van Woo,348,358,1 mei 2022,63,Wet open overheid Op 1 mei 2022 is de Wob vervangen door de Wet open overheid (hierna: Woo).,is de Wob vervangen door de Wet open overheid (hierna: Woo),[8001],[359],[418],inwerking treden van Woo,1 mei 2022,2022-05-01
6188,c: besluit datum,112,128,25 augustus 2022,84,Datum 25 augustus 2022 4065703,Datum,[8042],[106],[111],besluit datum,25 augustus 2022,2022-08-25
6189,c: verzoek datum,165,181,28 december 2021,84,"Geachte , Bij brief van 28 december 2021 heeft u een verzoek om openbaarmaking van informatie ingediend op grond van de Wet openbaarheid van bestuur (hierna: Wob).",heeft u een verzoek om openbaarmaking van informatie ingediend op grond van de Wet openbaarheid van bestuur (hierna: Wob),[8044],[182],[303],verzoek datum,28 december 2021,2021-12-28
6190,c: inwerking treden van Woo,312,322,1 mei 2022,84,"Per 1 mei 2022 is de Wet open overheid (hierna: Woo) in werking getreden, ter vervanging van de Wob.","is de Wet open overheid (hierna: Woo) in werking getreden, ter vervanging van de Wob",[8045],[323],[407],inwerking treden van Woo,1 mei 2022,2022-05-01
6191,c: ontvangst verzoek bevestigd,426,441,12 januari 2022,84,Bij brief van 12 januari 2022 heb ik de ontvangst van uw verzoek bevestigd.,heb ik de ontvangst van uw verzoek bevestigd,[8046],[442],[486],ontvangst verzoek bevestigd,12 januari 2022,2022-01-12
10060,c: besluit datum,94,107,25 maart 2022,7,Bijlagen Datum 25 maart 2022 A- Relevante Wob-artikelen Betreft Deelbesluit 1 op uw Wob-verzoek inzake MKB bijzonder B- Inventarislijst,Datum,[8293],[88],[93],besluit datum,25 maart 2022,2022-03-25
8294,c: verzoek datum,238,261,dinsdag 12 januari 2021,7,", In uw e-mail van dinsdag 12 januari 2021, ontvangen op dezelfde datum, heeft u met een beroep op de Wet openbaarheid van bestuur (hierna: Wob) verzocht om relevante documenten (onder meer notulen, beleidsstukken), die binnen het departement ten grondslag hebben gelegen aan discussie, onderzoek, antwoorden en besluitvorming inzake Bijzonder Beheer voor MKB bij banken in de periode 2013-2019.",heeft u met een beroep op de Wet openbaarheid van bestuur (hierna: Wob) verzocht om relevante documenten,[8295],[292],[396],verzoek datum,12 januari 2021,2021-01-12
6214,c: ontvangst verzoek bevestigd,680,695,19 januari 2021,7,"De ontvangst van uw verzoek heb ik u bevestigd per e-mail van 19 januari 2021, met kenmerk 2021-0000009342.",ontvangst van uw verzoek heb ik u bevestigd per e-mail,[8296],[621],[675],ontvangst verzoek bevestigd,19 januari 2021,2021-01-19
6215,c: contact,732,748,22 februari 2021,7,Op 22 februari 2021 heeft u uw Wob-verzoek telefonisch toegelicht.,heeft u uw Wob-verzoek telefonisch toegelicht,[8297],[749],[794],contact,22 februari 2021,2021-02-22
6216,c: contact,802,817,2 december 2021,7,Op 2 december 2021 heeft u per e-mail verzocht of gefaseerde openbaarmaking (deelbesluiten) mogelijk is.,heeft u per e-mail verzocht of gefaseerde openbaarmaking (deelbesluiten) mogelijk is,[8298],[818],[902],contact,2 december 2021,2021-12-02
6217,c: contact,910,926,10 december 2021,7,Op 10 december 2021 heeft een medewerker van mijn ministerie aangegeven dat dat mogelijk is.,heeft een medewerker van mijn ministerie aangegeven dat dat mogelijk is,[8299],[927],[998],contact,10 december 2021,2021-12-10
8104,c: besluit datum,169,180,20-JAN 2022,42,Contactpersoon 20-JAN 2022,Contactpersoon,[8106],[154],[168],besluit datum,20 januari 2022,2022-01-20
6275,c: verzoek datum,213,229,31 augustus 2021,42,"Uw kenmerk In uw brief van 31 augustus 2021 heeft u bij het ministerie van Infrastructuur en Waterstaat, met een beroep op de Wet openbaarheid van bestuur (hierna : Wob), Bij beantwoording verzocht om informatie met betrekking tot de Wet explosieven voor civiele gebruik Graag bovengenoemd (hierna: WECG).","heeft u bij het ministerie van Infrastructuur en Waterstaat, met een beroep op de Wet openbaarheid van bestuur (hierna : Wob) verzocht om informatie","[8108, 8109]","[230, 375]","[355, 397]",verzoek datum,31 augustus 2021,2021-08-31
6276,c: overig,516,532,1 september 2021,42,Uw Wob-verzoek is op 1 september 2021 kenmerk en contactpersoon doorgestuurd naar de Inspectie Leefomgeving en Transport (hierna: ILT) ter vermelden verdere behandeling.,Wob-verzoek is doorgestuurd naar de Inspectie Leefomgeving en Transport (hierna: ILT) ter vermelden verdere behandeling,"[10771, 8110]","[498, 559]","[512, 663]",overig,1 september 2021,2021-09-01
6277,c: ontvangst verzoek bevestigd,774,790,1 september 2021,42,"Verloop van de procedure De ontvangst van uw verzoek is door de ILT schriftelijk b,evestigd bij brief van 1 september 2021 en geregistreerd onder het kenmerk 0-4-21-0052.001.","ontvangst van uw verzoek is door de ILT schriftelijk b,evestigd bij brief",[8112],[696],[769],ontvangst verzoek bevestigd,1 september 2021,2021-09-01
6278,c: beslistermijn verdaagd,860,877,21 september 2021,42,Bij brief van 21 september 2021 heb ik de beslistermijn met vier weken verdaagd.,heb ik de beslistermijn met vier weken verdaagd,[8113],[878],[925],beslistermijn verdaagd,21 september 2021,2021-09-21
6285,c: besluit datum,121,134,11 maart 2022,77,Datum 11 maart 2022,Datum,[8116],[115],[120],besluit datum,11 maart 2022,2022-03-11
6286,c: verzoek datum,159,173,6 oktober 2021,77,", In uw e-mail van 6 oktober 2021 heeft u met een beroep op de Wet openbaarheid van bestuur (hierna: Wob) verzocht om informatie over diertellingen van het bedrijf Bredesteeg 37 te Echteld.",heeft u met een beroep op de Wet openbaarheid van bestuur (hierna: Wob) verzocht om informatie,[8117],[174],[268],verzoek datum,6 oktober 2021,2021-10-06
6287,c: ontvangst verzoek bevestigd,411,426,13 oktober 2021,77,Procedure De ontvangst van uw verzoek is schriftelijk bevestigd bij brief van 13 oktober 2021 met kenmerk WOB/2021/252.,ontvangst van uw verzoek is schriftelijk bevestigd bij brief,[8118],[346],[406],ontvangst verzoek bevestigd,13 oktober 2021,2021-10-13
6288,c: beslistermijn verdaagd,472,487,3 februari 2022,77,In de brief van 3 februari 2022 is aan u medegedeeld dat de beslistermijn met twee weken is verlengd vanwege het vragen van zienswijzen aan derden.,is aan u medegedeeld dat de beslistermijn met twee weken is verlengd,[8119],[488],[556],beslistermijn verdaagd,3 februari 2022,2022-02-03
6291,c: contact,767,782,3 februari 2022,77,Zienswijzen U bent er over geïnformeerd in de brief van 3 februari 2022 dat er een derde belanghebbende is bij de openbaarmaking van het document en dat deze in de gelegenheid is gesteld hierover zijn of haar zienswijze te geven.,bent er over geïnformeerd in de brief dat er een derde belanghebbende is bij de openbaarmaking van het document en dat deze in de gelegenheid is gesteld hierover zijn of haar zienswijze te geven,"[8121, 8122]","[725, 783]","[762, 939]",contact,3 februari 2022,2022-02-03
6392,c: besluit datum,55,71,23 februari 2022,15,Datum 23 februari 2022,Datum,[8125],[49],[54],besluit datum,23 februari 2022,2022-02-23
6393,c: verzoek datum,95,110,6 augustus 2021,15,In uw bericht van 6 augustus 2021 heeft u met een beroep op de Wet openbaarheid van bestuur (hierna: Wob) verzocht om informatie.,heeft u met een beroep op de Wet openbaarheid van bestuur (hierna: Wob) verzocht om informatie,[8126],[111],[205],verzoek datum,6 augustus 2021,2021-08-06
6395,c: ontvangst verzoek bevestigd,418,434,19 augustus 2021,15,"Procedure De ontvangst van uw verzoek is schriftelijk bevestigd bij brief van 19 augustus 2021, kenmerk WOB2021-208.",ontvangst van uw verzoek is schriftelijk bevestigd bij brief,[8127],[353],[413],ontvangst verzoek bevestigd,19 augustus 2021,2021-08-19
6399,c: contact,699,715,1 september 2021,15,Zienswijzen U bent er over geïnformeerd in de brief van 1 september 2021 dat er een derde-belanghebbende is bij de openbaarmaking van het document en dat deze in de gelegenheid is gesteld hierover een zienswijze te geven.,bent er over geïnformeerd in de brief dat er een derde-belanghebbende is bij de openbaarmaking van het document en dat deze in de gelegenheid is gesteld hierover een zienswijze te geven,"[8128, 8129]","[657, 716]","[694, 863]",contact,1 september 2021,2021-09-01
6518,c: besluit datum,99,115,10 augustus 2022,29,Datum 10 augustus 2022,Datum,[8132],[93],[98],besluit datum,10 augustus 2022,2022-08-10
6519,c: verzoek datum,157,173,21 februari 2022,29,U kunt uw bezwaar Met uw verzoek van 21 februari 2022 heeft u het ministerie van Binnenlandse ook digitaal indienen op Zaken en Koninkrijksrelaties (BZK) gevraagd om informatie openbaar te maken www.bezwaarschriftenocw.nl.,heeft u het ministerie van Binnenlandse ook digitaal indienen op Zaken en Koninkrijksrelaties (BZK) gevraagd om informatie openbaar te maken,[8133],[174],[314],verzoek datum,21 februari 2022,2022-02-21
6520,c: contact,364,377,22 maart 2022,29,In een gesprek op 22 maart 2022 heeft u aangegeven dat u op zoek bent naar informatie over de manier waarop de departementen invulling geven aan de controle op de declaraties gedaan door commissieleden en u wilt weten of al deze soorten declaraties worden gecontroleerd volgens deze werkwijze.,In een gesprek heeft u aangegeven dat u op zoek bent naar informatie over de manier waarop de departementen invulling geven aan de controle op de declaraties gedaan door commissieleden en u wilt weten of al deze soorten declaraties worden gecontroleerd volgens deze werkwijze,"[8134, 8135]","[346, 378]","[360, 638]",contact,22 maart 2022,2022-03-22
6522,c: overig,895,907,20 juli 2022,29,Het verzoek is bij mijn ministerie ontvangen op 20 juli 2022 en diezelfde dag in behandeling genomen.,verzoek is bij mijn ministerie ontvangen en diezelfde dag in behandeling genomen,"[8136, 8137]","[851, 908]","[891, 947]",overig,20 juli 2022,2022-07-20
6558,c: besluit datum,118,134,30 augustus 2022,88,IENW/BSK-2022/195843 Datum 30 augustus 2022,Datum,[8167],[112],[117],besluit datum,30 augustus 2022,2022-08-30
6559,c: verzoek datum,154,165,25 mei 2022,88,"Bij email van 25 mei 2022 heeft u bij mijn ministerie een verzoek ingediend als bedoeld in artikel 4, eerste lid, van de Wet open overheid (hierna: Woo).",heeft u bij mijn ministerie een verzoek ingediend,[8169],[166],[215],verzoek datum,25 mei 2022,2022-05-25
6562,c: ontvangst verzoek bevestigd,418,429,27 mei 2022,88,Verloop van de procedure Bij e-mail van 27 mei 2022 is de ontvangst van uw verzoek bevestigd.,is de ontvangst van uw verzoek bevestigd,[8172],[430],[470],ontvangst verzoek bevestigd,27 mei 2022,2022-05-27
6563,c: beslistermijn verdaagd,490,502,22 juni 2022,88,Bij e-mail van 22 juni 2022 is de beslissing op uw verzoek met vier weken verdaagd.,is de beslissing op uw verzoek met vier weken verdaagd,[8173],[503],[557],beslistermijn verdaagd,22 juni 2022,2022-06-22
6564,c: contact,576,587,7 juni 2022,88,Bij email van 7 juni 2022 bent u verzocht om uw verzoek nader te duiden.,bent u verzocht om uw verzoek nader te duiden,[8174],[588],[633],contact,7 juni 2022,2022-06-07
6565,c: overig,665,676,8 juni 2022,88,"U heeft er in uw email van 8 juni 2022 op gewezen dat u wil reconstrueren hoe het kan dat de Gezondheidsraad twee adviezen heeft uitgebracht in 1994 en 2015 over rijgeschiktheid bij stemmingsstoornissen, terwijl tussentijds de regelgeving is gewijzigd op het punt van de eisen die aan bestuurders worden gesteld met betrekking tot unipolaire stemmingsstoornissen.","heeft er in uw email op gewezen dat u wil reconstrueren hoe het kan dat de Gezondheidsraad twee adviezen heeft uitgebracht in 1994 en 2015 over rijgeschiktheid bij stemmingsstoornissen, terwijl tussentijds de regelgeving is gewijzigd op het punt van de eisen die aan bestuurders worden gesteld met betrekking tot unipolaire stemmingsstoornissen","[8175, 8176]","[640, 677]","[660, 1000]",overig,8 juni 2022,2022-06-08
6771,c: besluit datum,78,89,7 juli 2022,2,"l@minienw.nl@minie nw.nl Datum 7 juli 2022 Betreft besluit 2020-02 PFAS Geachte Naar aanleiding van de totstandkoming van het ""maatregelenpakket voor de PFAS problematiek"" van 13 november 2019 hebben verschillende journalisten met een beroep op de Wet openbaarheid van bestuur (hierna: Wob) om informatie verzocht over PFAS.",Datum,[8415],[72],[77],besluit datum,7 juli 2022,2022-07-07
8417,c: verzoek ontvangen,439,470,2 december 2019 en 4 maart 2020,2,"Het betreft in totaal drie verzoeken, die zijn ontvangen tussen 2 december 2019 en 4 maart 2020.",ontvangen,[8416],[422],[431],verzoek ontvangen,2 december 2019,2019-12-02
6777,c: overig,723,734,8 juli 2020,2,Op 8 juli 2020 heb ik reeds een eerste deelbesluit genomen met daarin de formele documenten.,heb ik reeds een eerste deelbesluit genomen met daarin de formele documenten,[8418],[735],[811],overig,8 juli 2020,2020-07-08
9496,c: overig,835,867,31 januari 2020 en 11 maart 2020,2,"Op respectievelijk 31 januari 2020 en 11 maart 2020 is aan alle verzoekers een behandelvoorstel gedaan ten behoeve van afdoening met deelbesluiten, waarbij de verschillende verzoeken kunnen meelopen in de afhandeling van de andere verzoeken over hetzelfde onderwerp.",is aan alle verzoekers een behandelvoorstel gedaan ten behoeve van afdoening met deelbesluiten,[9497],[868],[962],overig,31 januari 2020,2020-01-31
6780,c: overig,1089,1100,8 juli 2020,2,"Op 8 juli 2020 heeft u het eerste deelbesluit ontvangen, dat ziet op de formele documenten.",heeft u het eerste deelbesluit ontvangen,[9498],[1101],[1141],overig,8 juli 2020,2020-07-08
6781,c: overig,1184,1199,7 december 2020,2,Op 7 december 2020 is aan alle verzoekers een vervolgvoorstel gedaan.,is aan alle verzoekers een vervolgvoorstel gedaan,[9499],[1200],[1249],overig,7 december 2020,2020-12-07
9501,c: overig,1269,1317,"7 december 2020, respectievelijk 8 december 2020",2,"Per e-mail van 7 december 2020, respectievelijk 8 december 2020, zijn alle verzoekers akkoord gegaan met het vervolgvoorstel van 7 december 2020.",zijn alle verzoekers akkoord gegaan met het vervolgvoorstel van 7 december 2020,[9500],[1319],[1398],overig,7 december 2020,2020-12-07
6785,c: inwerking treden van Woo,1409,1419,1 mei 2022,2,Vanaf 1 mei 2022 is de Wob vervangen door de Wet open overheid (hierna: Woo).,is de Wob vervangen door de Wet open overheid (hierna: Woo),[9502],[1420],[1479],inwerking treden van Woo,1 mei 2022,2022-05-01
6786,c: inwerking treden van Woo,1507,1517,1 mei 2022,2,Dit betekent dat vanaf 1 mei 2022 de Woo geldt.,Woo geldt,[9503],[1521],[1530],inwerking treden van Woo,1 mei 2022,2022-05-01
6853,c: besluit datum,55,68,11 april 2022,20,Datum 11 april 2022,Datum,[8447],[49],[54],besluit datum,11 april 2022,2022-04-11
6854,c: verzoek datum,99,115,10 december 2021,20,"heer , In uw bericht van 10 december 2021 heeft u met een beroep op de Wet openbaarheid van bestuur (hierna: Wob) verzocht om informatie.",heeft u met een beroep op de Wet openbaarheid van bestuur (hierna: Wob) verzocht om informatie,[8448],[116],[210],verzoek datum,10 december 2021,2021-12-10
6857,c: ontvangst verzoek bevestigd,412,424,8 maart 2022,20,"Procedure De ontvangst van uw verzoek is schriftelijk bevestigd bij brief van 8 maart 2022, kenmerk WOB/2022/293.",ontvangst van uw verzoek is schriftelijk bevestigd bij brief,[8449],[347],[407],ontvangst verzoek bevestigd,8 maart 2022,2022-03-08
6859,c: contact,593,606,17 maart 2022,20,Zienswijzen U bent er over geïnformeerd per e-mail van 17 maart 2022 dat er een derde-belanghebbende is bij de openbaarmaking van de documenten met nummers 1 tot en met 14 en dat deze in de gelegenheid is gesteld hierover zijn zienswijze te geven.,bent er over geïnformeerd per e-mail dat er een derde-belanghebbende is bij de openbaarmaking van de documenten met nummers 1 tot en met 14 en dat deze in de gelegenheid is gesteld hierover zijn zienswijze te geven,"[8450, 8451]","[552, 607]","[588, 784]",contact,17 maart 2022,2022-03-17
6900,c: besluit datum,95,112,13 september 2022,30,Datum 13 september 2022,Datum,[8474],[89],[94],besluit datum,13 september 2022,2022-09-13
6901,c: verzoek datum,163,178,4 augustus 2022,30,U kunt uw bezwaar ook digitaal indienen op Op 4 augustus 2022 heeft u mijn ministerie verzocht om openbaarmaking van www.bezwaarschriftenocw.nl.,heeft u mijn ministerie verzocht om openbaarmaking,[8475],[179],[229],verzoek datum,4 augustus 2022,2022-08-04
6902,c: ontvangst verzoek bevestigd,268,284,18 augustus 2022,30,"Op 18 augustus 2022 hebben wij u laten weten dat het verzoek in goede orde is ontvangen, kenmerk 33795277.",hebben wij u laten weten dat het verzoek in goede orde is ontvangen,[8476],[285],[352],ontvangst verzoek bevestigd,18 augustus 2022,2022-08-18
6903,c: beslistermijn verdaagd,378,394,1 september 2022,30,"Op 1 september 2022 is aangegeven dat de beoordeling van uw verzoek meer tijd in beslag neemt en deze daarom is verdaagd, kenmerk 33914064.",is aangegeven dat de beoordeling van uw verzoek meer tijd in beslag neemt en deze daarom is verdaagd,[8477],[395],[495],beslistermijn verdaagd,1 september 2022,2022-09-01
6974,c: besluit datum,125,138,23 maart 2022,83,EH Den Haag www.rijksoverheid.nl/jenv Contactpersoon Datum 23 maart 2022,Datum,[8498],[119],[124],besluit datum,23 maart 2022,2022-03-23
6975,c: verzoek datum,165,181,14 februari 2022,83,"Bij e-mailbericht van 14 februari 2022 heeft u bij de Directie Migratiebeleid een verzoek ingediend als bedoeld in artikel 3, eerste lid, van de Wet openbaarheid van bestuur (hierna: Wob).",heeft u bij de Directie Migratiebeleid een verzoek ingediend,[8499],[182],[242],verzoek datum,14 februari 2022,2022-02-14
6976,c: ontvangst verzoek bevestigd,350,363,15 maart 2022,83,Per e-mail van 15 maart 2022 heb ik u de ontvangst van uw verzoek bevestigd en heb ik aangegeven te verwachten er in maart 2022 op te kunnen beslissen.,heb ik u de ontvangst van uw verzoek bevestigd en heb ik aangegeven te verwachten er in maart 2022 op te kunnen beslissen,[8500],[364],[485],ontvangst verzoek bevestigd,15 maart 2022,2022-03-15
8502,c: overig,493,506,8 februari jl,83,Op 8 februari jl heeft u van mij een besluit op uw Wob-verzoek van 17 augustus 2020 ontvangen.,heeft u van mij een besluit op uw Wob-verzoek van 17 augustus 2020 ontvangen,[8501],[507],[583],overig,8 februari 2022,2022-02-08
7022,c: besluit datum,252,264,26 juli 2022,33,Onze referentie Datum 26 juli 2022,Datum,[8513],[246],[251],besluit datum,26 juli 2022,2022-07-26
7023,c: verzoek ontvangen,293,306,14 april 2022,33,"Bijlagen 2 Geachte , Op 14 april 2022 ontving ik uw verzoek waarin u vraagt om openbaarmaking van informatie.",ontving ik uw verzoek waarin u vraagt om openbaarmaking van informatie,[8514],[307],[377],verzoek ontvangen,14 april 2022,2022-04-14
7024,c: beslistermijn verdaagd,447,459,15 juni 2022,33,In deze brief leest u mijn reactie op uw verzoek In de email van 15 juni 2022 bent u akkoord gegaan met de opschorting van de beslistermijn naar 7 juli 2022.,bent u akkoord gegaan met de opschorting van de beslistermijn,[8516],[460],[521],beslistermijn verdaagd,15 juni 2022,2022-06-15
7119,c: besluit datum,97,110,21 april 2022,116,Min-BuZa.2022.11716-15 Datum 21 april 2022,Datum,[8562],[91],[96],besluit datum,21 april 2022,2022-04-21
7120,c: verzoek datum,138,154,27 december 2021,116,"[…], In uw e-mail van 27 december 2021, ontvangen op 27 december 2021, heeft u met een beroep op de Wet openbaarheid van bestuur (hierna: Wob) informatie en interne correspondentie verzocht over “het wederom plannen van humanitaire vluchten vanuit Aruba en Curaçao naar Venezuela”.",heeft u met een beroep op de Wet openbaarheid van bestuur (hierna: Wob) informatie en interne correspondentie verzocht,[8564],[187],[305],verzoek datum,27 december 2021,2021-12-27
7121,c: verzoek ontvangen,169,185,27 december 2021,116,"[…], In uw e-mail van 27 december 2021, ontvangen op 27 december 2021, heeft u met een beroep op de Wet openbaarheid van bestuur (hierna: Wob) informatie en interne correspondentie verzocht over “het wederom plannen van humanitaire vluchten vanuit Aruba en Curaçao naar Venezuela”.",ontvangen,[8563],[156],[165],verzoek ontvangen,27 december 2021,2021-12-27
7122,c: ontvangst verzoek bevestigd,470,484,3 januari 2022,116,De ontvangst van uw verzoek is schriftelijk bevestigd bij e-mail van 3 januari 2022.,ontvangst van uw verzoek is schriftelijk bevestigd bij e-mail,[8565],[404],[465],ontvangst verzoek bevestigd,3 januari 2022,2022-01-03
7123,c: beslistermijn verdaagd,506,521,19 januari 2022,116,In de e-mail van 19 januari 2022 is de beslistermijn met vier weken verdaagd.,is de beslistermijn met vier weken verdaagd,[8567],[522],[565],beslistermijn verdaagd,19 januari 2022,2022-01-19
7124,c: contact,585,601,18 februari 2022,116,Per e-mail van 18 februari 2022 werd u bericht dat u eind maart 2022 een besluit kon tegemoet zien.,werd u bericht dat u eind maart 2022 een besluit kon tegemoet zien,[8568],[602],[668],contact,18 februari 2022,2022-02-18
7126,c: contact,676,689,28 maart 2022,116,"Op 28 maart 2022 werd u per e-mail meegedeeld dat mede wegens het versturen van zienswijzeverzoeken aan derde partijen, u eind april 2022 een besluit zou kunnen tegemoetzien.","werd u per e-mail meegedeeld dat mede wegens het versturen van zienswijzeverzoeken aan derde partijen, u eind april 2022 een besluit zou kunnen tegemoetzien",[8569],[690],[846],contact,28 maart 2022,2022-03-28
7128,c: overig,854,867,28 maart 2022,116,Op 28 maart 2022 zond u per e-mail een ingebrekestelling aan het ministerie van Buitenlandse Zaken met het verzoek u binnen twee weken een besluit in primo te doen toegaan.,zond u per e-mail een ingebrekestelling aan het ministerie van Buitenlandse Zaken met het verzoek u binnen twee weken een besluit in primo te doen toegaan,[8570],[868],[1022],overig,28 maart 2022,2022-03-28
7129,c: overig,1030,1042,8 april 2022,116,Op 8 april 2022 ging u een e-mail toe dat 11 april 2022 niet haalbaar was om u een besluit te sturen maar dat het streven was u vóór 25 april 2022 een besluit te doen toekomen.,ging u een e-mail toe dat 11 april 2022 niet haalbaar was om u een besluit te sturen maar dat het streven was u vóór 25 april 2022 een besluit te doen toekomen,[8571],[1043],[1202],overig,8 april 2022,2022-04-08
7133,c: contact,1351,1364,28 maart 2022,116,Zienswijzen U bent er over geïnformeerd in de e-mail van 28 maart 2022 dat er derde belanghebbenden zijn bij de openbaarmaking van meerdere documenten en dat deze in de gelegenheid zijn gesteld hierover hun zienswijze te geven.,bent er over geïnformeerd in de e-mail dat er derde belanghebbenden zijn bij de openbaarmaking van meerdere documenten en dat deze in de gelegenheid zijn gesteld hierover hun zienswijze te geven,"[8572, 8573]","[1308, 1365]","[1346, 1520]",contact,28 maart 2022,2022-03-28
7666,c: besluit datum,73,90,26 september 2022,64,Datum 26 september 2022,Datum,[9468],[67],[72],besluit datum,26 september 2022,2022-09-26
7667,c: verzoek datum,119,135,18 augustus 2022,64,"[...], In uw brief van 18 augustus 2022, ontvangen op diezelfde datum per e-mail, heeft u met een beroep op de Wet open overheid (hierna: Woo) verzocht om alle informatie en documenten inzake: • De overwegingen, het overleg, de communicatie en de besluitvorming van de Minister van Buitenlandse Zaken met de Minister-President n.a.v.",heeft u met een beroep op de Wet open overheid (hierna: Woo) verzocht om alle informatie en documenten,[9469],[178],[280],verzoek datum,18 augustus 2022,2022-08-18
7672,c: ontvangst verzoek bevestigd,1559,1575,19 augustus 2022,64,De ontvangst van uw verzoek is schriftelijk bevestigd bij e-mail van 19 augustus 2022 met als onderwerp ‘Ontvangstbevestiging van uw Woo-verzoek dialoog Nederlandse ambassadeur Moskou met adviseur van Poetin’.,ontvangst van uw verzoek is schriftelijk bevestigd bij e-mail,[9470],[1493],[1554],ontvangst verzoek bevestigd,19 augustus 2022,2022-08-19
7673,c: ontvangst verzoek bevestigd,1718,1735,14 september 2022,64,"Bij e-mail van 14 september 2022 is de beslissing op uw verzoek, met toepassing van artikel 4.4., tweede lid, van de Wet open overheid (hierna: Woo), met twee weken verdaagd.",is de beslissing op uw verzoek met twee weken verdaagd,"[9471, 9472]","[1735, 1853]","[1766, 1876]",ontvangst verzoek bevestigd,14 september 2022,2022-09-14
7719,c: besluit datum,154,165,5 juli 2022,51,Datum: per email verzonden op 5 juli 2022,Datum: per email verzonden op,[9479],[124],[153],besluit datum,5 juli 2022,2022-07-05
7721,c: verzoek datum,238,255,10 september 2021,51,"In uw e-mail van 10 september 2021, ontvangen op 10 september 2021, heeft u de Nederlandse Voedsel- en Warenautoriteit (hierna: NVWA) verzocht om alle rapporten van bevindingen die betrekking hebben op toezicht in de pluimveeslachterijen over de periode 1 januari 2016 tot en met 31 december 2020 op het gebied van 1) vangletsel, 2) voetzoollaesie, 3) vierkante meter bezetting en 4) beladingsgraad van transportcontainers.",heeft u de Nederlandse Voedsel- en Warenautoriteit (hierna: NVWA) verzocht,[9481],[289],[363],verzoek datum,10 september 2021,2021-09-10
7722,c: verzoek ontvangen,270,287,10 september 2021,51,"In uw e-mail van 10 september 2021, ontvangen op 10 september 2021, heeft u de Nederlandse Voedsel- en Warenautoriteit (hierna: NVWA) verzocht om alle rapporten van bevindingen die betrekking hebben op toezicht in de pluimveeslachterijen over de periode 1 januari 2016 tot en met 31 december 2020 op het gebied van 1) vangletsel, 2) voetzoollaesie, 3) vierkante meter bezetting en 4) beladingsgraad van transportcontainers.",ontvangen,[9480],[257],[266],verzoek ontvangen,10 september 2021,2021-09-10
7725,c: ontvangst verzoek bevestigd,716,733,13 september 2021,51,De ontvangst van uw verzoek is schriftelijk bevestigd bij email van 13 september 2021.,ontvangst van uw verzoek is schriftelijk bevestigd bij email,[9482],[651],[711],ontvangst verzoek bevestigd,13 september 2021,2021-09-13
7726,c: beslistermijn verdaagd,754,768,4 oktober 2021,51,In de brief van 4 oktober 2021 is de beslistermijn verdaagd met 4 weken.,is de beslistermijn verdaagd met 4 weken,[9483],[769],[809],beslistermijn verdaagd,4 oktober 2021,2021-10-04
7727,c: contact,842,857,4 november 2021,51,Over dit verzoek heeft u op 4 november 2021 telefonisch contact gehad met een medewerker van de NVWA van het team Openbaarmaking en Privacy.,Over dit verzoek heeft u telefonisch contact gehad met een medewerker van de NVWA van het team Openbaarmaking en Privacy,"[9485, 10744]","[814, 858]","[838, 953]",contact,4 november 2021,2021-11-04
7728,c: overig,974,990,16 november 2021,51,Bij besluit van 16 november 2021 met kenmerk TRCNVWA/2021/21-0715 is het eerste deelbesluit genomen.,is het eerste deelbesluit genomen,[9486],[1024],[1057],overig,16 november 2021,2021-11-16
7729,c: contact,1065,1081,16 november 2021,51,Op 16 november 2021 heeft u tijdens een telefoongesprek medegedeeld dat u de onderliggende rapporten van bevindingen van een aantal rechterlijke uitspraken wenst te ontvangen.,heeft u tijdens een telefoongesprek medegedeeld dat u de onderliggende rapporten van bevindingen van een aantal rechterlijke uitspraken wenst te ontvangen,[9487],[1082],[1236],contact,16 november 2021,2021-11-16
7730,c: inwerking treden van Woo,1244,1254,1 mei 2022,51,Op 1 mei 2022 is de Wet open overheid (hierna: Woo) inwerking getreden en is de Wob ingetrokken (artikel 10.1.,is de Wet open overheid (hierna: Woo) inwerking getreden en is de Wob ingetrokken,[9488],[1255],[1336],inwerking treden van Woo,1 mei 2022,2022-05-01
7742,c: besluit datum,75,90,21 januari 2022,98,Datum 21 januari 2022,Datum,[9492],[69],[74],besluit datum,21 januari 2022,2022-01-21
7744,c: verzoek datum,179,194,2 augustus 2021,98,", In uw e-mail van 2 augustus 2021 heeft u met een beroep op de Wet openbaarheid van bestuur (hierna: de Wob) verzocht om informatie over de Gegevensbeschermingseffectbeoordeling (GEB/PIA) Rijksdienst FSV (Fraude Signalering Voorziening).",heeft u met een beroep op de Wet openbaarheid van bestuur (hierna: de Wob) verzocht om informatie,[9493],[195],[292],verzoek datum,2 augustus 2021,2021-08-02
7745,c: contact,405,421,12 augustus 2021,98,Op 12 augustus 2021 heeft een medewerker van mijn Ministerie contact met u opgenomen over uw verzoek.,heeft een medewerker van mijn Ministerie contact met u opgenomen over uw verzoek,[9494],[422],[502],contact,12 augustus 2021,2021-08-12
7746,c: ontvangst verzoek bevestigd,581,597,13 augustus 2021,98,"De ontvangst van uw verzoek heb ik u schriftelijk bevestigd bij brief van 13 augustus 2021, met het kenmerk 2021-0000166588.",ontvangst van uw verzoek heb ik u schriftelijk bevestigd bij brief,[9495],[510],[576],ontvangst verzoek bevestigd,13 augustus 2021,2021-08-13
9052,c: besluit datum,174,190,18 augustus 2022,75,> Retouradres 2500 EX Bestuurskern DG luchtvaart en maritieme zaken Contactpersoon woo-verzoeken- artikel4.1@minienw.nl Datum 18 augustus 2022,Datum,[9316],[168],[173],besluit datum,18 augustus 2022,2022-08-18
9055,c: verzoek datum,311,326,2 november 2021,75,"Betreft Besluit op uw Wob-verzoek d.d. 2 november 2021 (2021-66) Geachte, Bij e-mail van 2 november 2021 heeft u bij mijn ministerie een verzoek ingediend als bedoeld in artikel 3, eerste lid, van de Wet openbaarheid van bestuur (hierna: Wob).",heeft u bij mijn ministerie een verzoek ingediend,[9317],[327],[376],verzoek datum,2 november 2021,2021-11-02
9056,c: ontvangst verzoek bevestigd,540,556,11 november 2021,75,Verloop van de procedure De ontvangst van uw verzoek is per e-mail van 11 november 2021 bevestigd.,ontvangst van uw verzoek is per e-mail,[9318],[497],[535],ontvangst verzoek bevestigd,11 november 2021,2021-11-11
9057,c: inwerking treden van Woo,591,601,1 mei 2022,75,Wettelijk kader Per 1 mei 2022 is Wet Open Overheid (verder: Woo) in werking getreden en de Wob ingetrokken.,is Wet Open Overheid (verder: Woo) in werking getreden en de Wob ingetrokken,[9319],[602],[678],inwerking treden van Woo,1 mei 2022,2022-05-01
9058,c: besluit datum,92,104,15 juli 2022,1,IENW/BSK-2022/150092 Datum 15 juli 2022,Datum,[9322],[86],[91],besluit datum,15 juli 2022,2022-07-15
9060,c: verzoek datum,209,223,1 oktober 2020,1,Geachte In uw brief van 1 oktober 2020 heeft u met een beroep op de Wet openbaarheid van bestuur (hierna: Wob) informatie verzocht over granuliet.,heeft u met een beroep op de Wet openbaarheid van bestuur (hierna: Wob) informatie verzocht,[9323],[224],[315],verzoek datum,1 oktober 2020,2020-10-01
9063,c: ontvangst verzoek bevestigd,515,529,1 oktober 2020,1,"Verloop van de procedure De ontvangst van uw verzoek is schriftelijk bevestigd bij e-mail van 1 oktober 2020, kenmerk 2020-95.",ontvangst van uw verzoek is schriftelijk bevestigd bij e-mail,[9324],[449],[510],ontvangst verzoek bevestigd,1 oktober 2020,2020-10-01
9064,c: beslistermijn verdaagd,568,583,30 oktober 2020,1,In de e-mail van 30 oktober 2020 is de beslistermijn met vier weken verdaagd.,is de beslistermijn met vier weken verdaagd,[9325],[584],[627],beslistermijn verdaagd,30 oktober 2020,2020-10-30
9065,c: contact,649,663,6 januari 2021,1,In de e-mail van 6 januari 2021 is aan u bericht dat de beslistermijn is verstreken en bent u geïnformeerd over de stand van zaken.,is aan u bericht dat de beslistermijn is verstreken en bent u geïnformeerd over de stand van zaken,[9326],[664],[762],contact,6 januari 2021,2021-01-06
9328,c: contact,773,805,"maanden maart, juni en juli 2021",1,"In de maanden maart, juni en juli 2021 zijn er meerdere telefonische contactmomenten met u geweest over de stand van zaken en voortgang van de behandeling van uw Wob-verzoek.",zijn er meerdere telefonische contactmomenten met u geweest over de stand van zaken en voortgang van de behandeling van uw Wob-verzoek,[9327],[806],[940],contact,15 juli 2021,2021-07-15
9068,c: contact,962,979,16 september 2021,1,In de e-mail van 16 september 2021 vraagt u om de stand van zaken.,vraagt u om de stand van zaken,[9329],[980],[1010],contact,16 september 2021,2021-09-16
9069,c: contact,1018,1035,21 september 2021,1,Op 21 september 2021 is telefonisch aan u bericht wat de laatste stand van zaken is betreffende de behandeling van uw Wob-verzoek bij de bestuurskern.,is telefonisch aan u bericht wat de laatste stand van zaken is betreffende de behandeling van uw Wob-verzoek bij de bestuurskern,[9330],[1036],[1164],contact,21 september 2021,2021-09-21
9070,c: contact,1186,1203,28 september 2021,1,In de e-mail van 28 september 2021 is aan u bericht wat de laatste stand van zaken bij de ILT en RWS is.,is aan u bericht wat de laatste stand van zaken bij de ILT en RWS is,[9331],[1204],[1272],contact,28 september 2021,2021-09-28
9071,c: contact,1294,1311,29 september 2021,1,In de e-mail van 29 september 2021 geeft u aan dat de behandeling van het Wob-verzoek al een jaar duurt en dat u hoopt dat de termijnoverschrijding niet nog groter wordt.,geeft u aan dat de behandeling van het Wob-verzoek al een jaar duurt en dat u hoopt dat de termijnoverschrijding niet nog groter wordt,[9332],[1312],[1446],contact,29 september 2021,2021-09-29
9072,c: contact,1454,1470,24 februari 2022,1,Op 24 februari 2022 is telefonisch de stand van zaken betreffende uw Wob- verzoek besproken.,is telefonisch de stand van zaken betreffende uw Wob- verzoek besproken,[9333],[1471],[1542],contact,24 februari 2022,2022-02-24
9073,c: contact,1550,1563,24 maart 2022,1,Op 24 maart 2022 is telefonisch wederom de stand van zaken in de behandeling van uw Wob-verzoek met u besproken.,is telefonisch wederom de stand van zaken in de behandeling van uw Wob-verzoek met u besproken,[9335],[1564],[1658],contact,24 maart 2022,2022-03-24
9074,c: contact,1680,1692,8 april 2022,1,"In de e-mail van 8 april 2022 is aan u bericht dat de bestuurskern van het ministerie van Infrastructuur en Waterstaat, ILT en RWS zienswijzen aan derde belanghebbenden hebben gevraagd op documenten die gegevens bevatten die van derden afkomstig zijn of die betrekking hebben op derden.","is aan u bericht dat de bestuurskern van het ministerie van Infrastructuur en Waterstaat, ILT en RWS zienswijzen aan derde belanghebbenden hebben gevraagd op documenten die gegevens bevatten die van derden afkomstig zijn of die betrekking hebben op derden",[9336],[1693],[1948],contact,8 april 2022,2022-04-08
9075,c: inwerking treden van Woo,1973,1983,1 mei 2022,1,Wettelijk kader Per 1 mei 2022 is de Wet open overheid (hierna Woo) in werking getreden en de Wob ingetrokken.,is de Wet open overheid (hierna Woo) in werking getreden en de Wob ingetrokken,[9337],[1984],[2062],inwerking treden van Woo,1 mei 2022,2022-05-01
9076,c: contact,2082,2094,8 april 2022,1,Zienswijzen Op 8 april 2022 bent u per e-mail geïnformeerd dat er documenten afkomstig van derden-belanghebbenden zijn aangetroffen en zij in de gelegenheid zijn gesteld hierover hun zienswijze te geven.,bent u per e-mail geïnformeerd dat er documenten afkomstig van derden-belanghebbenden zijn aangetroffen en zij in de gelegenheid zijn gesteld hierover hun zienswijze te geven,[9338],[2095],[2269],contact,8 april 2022,2022-04-08
9348,c: besluit datum,350,360,23-03-2022,112,"10.2.e Bezoekadres 10.2.e Bezuidenhoutseweg 73 10.2.e 2594 AC Den Haag Postadres Postbus 20401 Per e-mail:10.2.e 2500 EK Den Haag Overheidsidentificatienr 00000001003214369000 T 070 379 8911 (algemeen) F 070 378 6100 (algemeen) www, rijksove rheid .ni/ezk Behandeld door 10.2.e Datum 23-03-2022 E 10.2.e @minezk.ni Betreft Besluit op uw Wob-verzoek d.d. 29 oktober 2021 inzake Clearview AI Ons kenmerk DGBI / 22049983 Uw kenmerk Geachte 10.2.e , Bijlage(n) In uw e-mail van 29 oktober 2021, heeft u met een beroep op de Wet openbaarheid van bestuur (hierna: Wob) informatie verzocht over het gebruik van Clearview AI.",Datum,[9347],[344],[349],besluit datum,23 maart 2022,2022-03-23
9088,c: verzoek datum,540,555,29 oktober 2021,112,"10.2.e Bezoekadres 10.2.e Bezuidenhoutseweg 73 10.2.e 2594 AC Den Haag Postadres Postbus 20401 Per e-mail:10.2.e 2500 EK Den Haag Overheidsidentificatienr 00000001003214369000 T 070 379 8911 (algemeen) F 070 378 6100 (algemeen) www, rijksove rheid .ni/ezk Behandeld door 10.2.e Datum 23-03-2022 E 10.2.e @minezk.ni Betreft Besluit op uw Wob-verzoek d.d. 29 oktober 2021 inzake Clearview AI Ons kenmerk DGBI / 22049983 Uw kenmerk Geachte 10.2.e , Bijlage(n) In uw e-mail van 29 oktober 2021, heeft u met een beroep op de Wet openbaarheid van bestuur (hierna: Wob) informatie verzocht over het gebruik van Clearview AI.",heeft u met een beroep op de Wet openbaarheid van bestuur (hierna: Wob) informatie verzocht,[9349],[557],[648],verzoek datum,29 oktober 2021,2021-10-29
9093,c: ontvangst verzoek bevestigd,2026,2042,26 november 2021,112,"De ontvangst van uw verzoek is schriftelijk bevestigd bij brief van 26 november 2021, kenmerk W32 / 21288633.",ontvangst van uw verzoek is schriftelijk bevestigd bij brief,[9351],[1961],[2021],ontvangst verzoek bevestigd,26 november 2021,2021-11-26
9095,c: contact,2188,2203,14 januari 2022,112,Over dit verzoek hebt u op 14 januari 2022 per e-mail contact gehad met een ambtenaar van mijn ministerie.,per e-mail contact gehad met een ambtenaar van mijn ministerie,[9352],[2204],[2266],contact,14 januari 2022,2022-01-14
9222,c: besluit datum,186,198,13 juli 2022,122,Bestuurskern DG luchtvaart en maritieme zaken Contactpersoon woo-verzoeken- artikel4.1@minienw.nl Datum 13 juli 2022,Datum,[9411],[180],[185],besluit datum,13 juli 2022,2022-07-13
9225,c: verzoek datum,339,349,6 mei 2022,122,"Betreft Besluit op uw Woo-verzoek d.d. 6 mei 2022 (2022-33) Geachte, Per e-mail van 6 mei 2022 heeft u bij mijn ministerie een verzoek ingediend als bedoeld in artikel 4, eerste lid, van de Wet open overheid (Woo).",heeft u bij mijn ministerie een verzoek ingediend,[9412],[350],[399],verzoek datum,6 mei 2022,2022-05-06
9228,c: ontvangst verzoek bevestigd,636,646,6 mei 2022,122,Verloop van de procedure De ontvangst van uw verzoek is per e-mail van 6 mei 2022 aan u bevestigd.,ontvangst van uw verzoek is per e-mail aan u bevestigd,"[9413, 9414]","[593, 647]","[631, 662]",ontvangst verzoek bevestigd,6 mei 2022,2022-05-06
9229,c: beslistermijn verdaagd,670,681,3 juni 2022,122,Op 3 juni 2022 is per e-mail de behandeling van uw Woo-verzoek verdaagd.,is per e-mail de behandeling van uw Woo-verzoek verdaagd,[9415],[682],[738],beslistermijn verdaagd,3 juni 2022,2022-06-03
9279,c: besluit datum,216,231,9 augustus 2022,39,> Retouradres 2500 EX Bestuurskern Directoraat-Generaal luchtvaart en maritieme zaken Contactpersoon woo-verzoeken-artikel4.1@minienw.nl Datum 9 augustus 2022,Datum,[9427],[210],[215],besluit datum,9 augustus 2022,2022-08-09
9282,c: verzoek datum,370,382,15 juli 2022,39,"Betreft Besluit op uw Woo-verzoek d.d. 15 juli 2022 (2022-58) Geachte , Bij e-mail van 15 juli 2022 heeft u bij mijn ministerie een verzoek ingediend als bedoeld in artikel 4, eerste lid, van de Wet Open Overheid (hierna: Woo).",heeft u bij mijn ministerie een verzoek ingediend,[9428],[383],[432],verzoek datum,15 juli 2022,2022-07-15
9285,c: ontvangst verzoek bevestigd,902,914,15 juli 2022,39,Verloop van de procedure De ontvangst van uw verzoek is per e-mail van 15 juli 2022 aan u bevestigd.,ontvangst van uw verzoek is per e-mail aan u bevestigd,"[9430, 9431]","[859, 915]","[897, 930]",ontvangst verzoek bevestigd,15 juli 2022,2022-07-15
9287,c: besluit datum,167,183,15 februari 2022,100,Behandeld door 10.2.e @minlnv.nl Datum 15 februari 2022,Datum,[9434],[161],[166],besluit datum,15 februari 2022,2022-02-15
9289,c: verzoek datum,359,375,14 november 2021,100,"Betreft Besluit Wob-verzoek d.d. 16 november 2021 inzake Kamerbrief Ons kenmerk stikstofproblematiek DGS / 22018152 Uw kenmerk Geachte 10.2.e , Bijlage(n) In uw brief van 14 november 2021, ontvangen op 16 november 2021, heeft u 3 met een beroep op de Wet openbaarheid van bestuur (hierna: Wob) informatie verzocht over de Kamerbrief ‘Voortgang stikstofproblematiek’ met kenmerk DGS / 21272270.",heeft u met een beroep op de Wet openbaarheid van bestuur (hierna: Wob) informatie verzocht,"[9436, 9437]","[408, 418]","[415, 501]",verzoek datum,14 november 2021,2021-11-14
9290,c: verzoek ontvangen,390,406,16 november 2021,100,"Betreft Besluit Wob-verzoek d.d. 16 november 2021 inzake Kamerbrief Ons kenmerk stikstofproblematiek DGS / 22018152 Uw kenmerk Geachte 10.2.e , Bijlage(n) In uw brief van 14 november 2021, ontvangen op 16 november 2021, heeft u 3 met een beroep op de Wet openbaarheid van bestuur (hierna: Wob) informatie verzocht over de Kamerbrief ‘Voortgang stikstofproblematiek’ met kenmerk DGS / 21272270.",ontvangen,[9435],[377],[386],verzoek ontvangen,16 november 2021,2021-11-16
9291,c: contact,791,807,25 november 2021,100,"Documenten over afstemming ten aanzien van de Kamerbrief, waaronder maar zeker niet uitsluitend afstemming met ketenpartners over de totstandkoming en de timing van de Kamerbrief Over dit verzoek hebt u op 25 november 2021 per e-mail contact gehad met 10.2.e .",Over dit verzoek hebt u per e-mail contact gehad,"[9439, 9440]","[764, 808]","[787, 832]",contact,25 november 2021,2021-11-25
9292,c: ontvangst verzoek bevestigd,917,933,29 november 2021,100,"De ontvangst van uw verzoek is schriftelijk bevestigd bij brief van 29 november 2021, kenmerk DGS / 21298123.",ontvangst van uw verzoek is schriftelijk bevestigd bij brief,[9441],[852],[912],ontvangst verzoek bevestigd,29 november 2021,2021-11-29
9294,c: beslistermijn verdaagd,1067,1083,27 december 2021,100,"In de brief van 27 december 2021, kenmerk DGS / 21323005, is aan u medegedeeld dat de beslistermijn is opgeschort tot 1 februari 2022 vanwege het vragen van zienswijzen aan derden.",is aan u medegedeeld dat de beslistermijn is opgeschort,[9442],[1109],[1164],beslistermijn verdaagd,27 december 2021,2021-12-27
9443,c: overig,1238,1251,2 februari jl,100,"Op 2 februari jl heeft u een ingebrekestelling ingediend, waarop 10.2.e 8 februari jl per e-mail op heeft gereageerd.",heeft u een ingebrekestelling ingediend,[9444],[1252],[1291],overig,2 februari 2022,2022-02-02
9448,c: contact,1307,1320,8 februari jl,100,"Op 2 februari jl heeft u een ingebrekestelling ingediend, waarop 10.2.e 8 februari jl per e-mail op heeft gereageerd.",per e-mail op heeft gereageerd,[9445],[1321],[1351],contact,8 februari 2022,2022-02-08
9298,c: besluit datum,123,136,30 maart 2022,47,"Onze referentie TRCNVWA/2021/2785 Datum: Uitsluitend verstuurd per mail op 30 maart 2022 Betreft: Besluit op Wob-verzoek 21-0493 Geachte heer/mevrouw, In uw e-mail van 17 juni 2021 heeft u met een beroep op de Wet openbaarheid van bestuur (hierna: Wob) informatie verzocht om een afschrift van de melding met meldingsnummer 911191 d.d. 05-01-2021 en alle vervolgens, naar aanleiding van of in verband met die melding opgemaakte berichten en beleidstukken, e-mail en andere elektronische berichten via alle denkbare media daaronder begrepen.",Datum: Uitsluitend verstuurd per mail op,[9452],[82],[122],besluit datum,30 maart 2022,2022-03-30
9300,c: verzoek datum,216,228,17 juni 2021,47,"Onze referentie TRCNVWA/2021/2785 Datum: Uitsluitend verstuurd per mail op 30 maart 2022 Betreft: Besluit op Wob-verzoek 21-0493 Geachte heer/mevrouw, In uw e-mail van 17 juni 2021 heeft u met een beroep op de Wet openbaarheid van bestuur (hierna: Wob) informatie verzocht om een afschrift van de melding met meldingsnummer 911191 d.d. 05-01-2021 en alle vervolgens, naar aanleiding van of in verband met die melding opgemaakte berichten en beleidstukken, e-mail en andere elektronische berichten via alle denkbare media daaronder begrepen.",heeft u met een beroep op de Wet openbaarheid van bestuur (hierna: Wob) informatie verzocht,[9453],[229],[320],verzoek datum,17 juni 2021,2021-06-17
9302,c: ontvangst verzoek bevestigd,661,673,18 juni 2021,47,"De ontvangst van uw verzoek is schriftelijk bevestigd bij e-mail van 18 juni 2021, kenmerk 21-0493.",ontvangst van uw verzoek is schriftelijk bevestigd bij e-mail,[9456],[595],[656],ontvangst verzoek bevestigd,18 juni 2021,2021-06-18
9304,c: beslistermijn verdaagd,711,723,12 juli 2021,47,In de brief van 12 juli 2021 is de beslistermijn met vier weken verdaagd tot 10 augustus 2021.,is de beslistermijn met vier weken verdaagd,[9457],[724],[767],beslistermijn verdaagd,12 juli 2021,2021-07-12
10769,c: besluit datum,201,217,1 september 2022,141,Datum 1 september 2022 O ns kenmerk,Datum,[9849],[195],[200],besluit datum,1 september 2022,2022-09-01
9573,c: verzoek datum,249,260,25 mei 2022,141,Bij brief van 25 mei 2022 heeft u een verzoek om openbaarmaking van informatie ingediend op grond van de Wet open overheid (hierna: Woo).,heeft u een verzoek om openbaarmaking van informatie ingediend,[9850],[261],[323],verzoek datum,25 mei 2022,2022-05-25
9574,c: ontvangst verzoek bevestigd,390,401,7 juni 2022,141,Bij brief van 7 juni 2022 heb ik de ontvangst van uw verzoek bevestigd.,heb ik de ontvangst van uw verzoek bevestigd,[9851],[402],[446],ontvangst verzoek bevestigd,7 juni 2022,2022-06-07
9578,c: besluit datum,186,199,15 maart 2022,148,"com Contact Dienstpostbus Wob 10.2.e @ minocw.nl Onze referentie 10 .2.e Datum 15 maart 2022 Bezwaar Betreft Besluit op uw Wob-verzoek Als u belang hebt bij dit besluit, dan kunt u hiertegen binnen 6 weken, gerekend vanaf de verzenddatum, bezwaar maken.",Datum,[9854],[180],[185],besluit datum,15 maart 2022,2022-03-15
9579,c: verzoek datum,367,382,11 januari 2022,148,"Op 11 januari 2022 heeft u via het Wob-formulier met een beroep op de Wet openbaarheid van bestuur verzocht om openbaarmaking van documenten die betrekking hebben op het beleid rondom de positie van personen die binnen het ministerie van Onderwijs, Cultuur en Wetenschap (hierna: OCW) werkzaam zijn en die vallen onder de zogenaamde banenafspraak.",heeft u via het Wob-formulier met een beroep op de Wet openbaarheid van bestuur verzocht om openbaarmaking van documenten,[9855],[383],[504],verzoek datum,11 januari 2022,2022-01-11
9580,c: ontvangst verzoek bevestigd,783,798,18 januari 2022,148,"De ontvangst van uw verzoek is schriftelijk bevestigd bij brief van 18 januari 2022, kenmerk 10.2.e .",ontvangst van uw verzoek is schriftelijk bevestigd bij brief,[9856],[718],[778],ontvangst verzoek bevestigd,18 januari 2022,2022-01-18
9581,c: beslistermijn verdaagd,836,851,4 februari 2022,148,"In de brief van 4 februari 2022, met kenmerk 10.2.e , is de Onze referentie beslistermijn met vier weken verdaagd tot 8 maart 2022.",is de beslistermijn met vier weken verdaagd,"[9857, 9858]","[874, 896]","[879, 933]",beslistermijn verdaagd,4 februari 2022,2022-02-04
9583,c: beslistermijn verdaagd,979,995,10 februari 2022,148,"10 .2.e In de brief van 10 februari 2022, kenmerk 10.2.e is aan u medegedeeld dat de beslistermijn met twee weken is opgeschort vanwege het vragen van zienswijzen aan derden.",is aan u medegedeeld dat de beslistermijn met twee weken is opgeschort vanwege het vragen van zienswijzen aan derden,[9859],[1012],[1128],beslistermijn verdaagd,10 februari 2022,2022-02-10
9585,c: contact,1255,1271,10 februari 2022,148,Zienswijzen U bent er over geïnformeerd in de brief van 10 februari 2022 dat er een derde- belanghebbende is bij de openbaarmaking van de documenten en dat deze in de gelegenheid is gesteld hierover een zienswijze te geven.,bent er over geïnformeerd in de brief dat er een derde- belanghebbende is bij de openbaarmaking van de documenten en dat deze in de gelegenheid is gesteld hierover een zienswijze te geven,"[9860, 9861]","[1213, 1272]","[1250, 1421]",contact,10 februari 2022,2022-02-10
9875,c: besluit datum,212,228,8 september 2022,142,Datum 8 september 2022 O ns kenmerk,Datum,[9864],[206],[211],besluit datum,8 september 2022,2022-09-08
9592,c: verzoek datum,259,271,8 april 2022,142,Bij mail van 8 april 2022 heeft u een verzoek om openbaarmaking van informatie ingediend op grond van de Wet open overheid (hierna: Woo).,heeft u een verzoek om openbaarmaking van informatie ingediend,[9866],[272],[334],verzoek datum,8 april 2022,2022-04-08
9593,c: ontvangst verzoek bevestigd,401,414,26 april 2022,142,Bij brief van 26 april 2022 heb ik de ontvangst van uw verzoek bevestigd.,heb ik de ontvangst van uw verzoek bevestigd,[9867],[415],[459],ontvangst verzoek bevestigd,26 april 2022,2022-04-26
9662,c: besluit datum,86,102,12 augustus 2022,129,E WOO@minbuza.nl Datum 12 augustus 2022,Datum,[9907],[80],[85],besluit datum,12 augustus 2022,2022-08-12
9663,c: verzoek datum,128,139,8 juni 2022,129,"[…] In uw brief van 8 juni 2022, door mij ontvangen op 13 juni 2022, heeft u met een beroep op de Wet open overheid (hierna: Woo) informatie verzocht over de plaatsing van belhokjes in het Rijkskantoor aan de Rijnstraat 8 in Den Haag.",heeft u met een beroep op de Wet open overheid (hierna: Woo) informatie verzocht,[9910],[177],[257],verzoek datum,8 juni 2022,2022-06-08
9664,c: verzoek ontvangen,163,175,13 juni 2022,129,"[…] In uw brief van 8 juni 2022, door mij ontvangen op 13 juni 2022, heeft u met een beroep op de Wet open overheid (hierna: Woo) informatie verzocht over de plaatsing van belhokjes in het Rijkskantoor aan de Rijnstraat 8 in Den Haag.",ontvangen,[9909],[150],[159],verzoek ontvangen,13 juni 2022,2022-06-13
9665,c: ontvangst verzoek bevestigd,1113,1125,15 juni 2022,129,"Dit onderdeel van het verzoek ziet tevens op correspondentie verband houdende met en uitgewisseld over deze financiële bescheiden; • Interne stukken berustende bij het ministerie over de belhokjes, daaronder begrepen in ieder geval alle stukken die zien op de accordering en besluitvorming voor de aanschaf van deze belhokjes; • Alle (rechtstreekse) correspondentie gevoerd met de minister van BuZa en diens (directe) medewerkers, die zien op de (aanschaf van de) belhokjes; • Alle correspondentie gevoerd met (1) de Ondernemingsraad, (2) de Vereniging van de Dienst Buitenlandse Zaken van het Ministerie van Buitenlandse Zaken en (3) het Rijksvastgoedbedrijf, over de (aanschaf van de)belhokjes.” De ontvangst van uw verzoek is schriftelijk bevestigd bij e-mail van 15 juni 2022.",ontvangst van uw verzoek is schriftelijk bevestigd bij e-mail,[9911],[1047],[1108],ontvangst verzoek bevestigd,15 juni 2022,2022-06-15
9666,c: contact,1145,1152,27 juni,129,Bij e-mail van 27 juni is aan u kenbaar gemaakt dat het Rijksvastgoedbedrijf (RVB) de eigenaar en beheerder is van het kantoor aan de Rijnstraat 8.,is aan u kenbaar gemaakt dat het Rijksvastgoedbedrijf (RVB) de eigenaar en beheerder is van het kantoor aan de Rijnstraat 8,[9912],[1153],[1276],contact,27 juni 2022,2022-06-27
9915,c: contact,1499,1542,21 juli 2022 en bij e-mail van 21 juli 2022,129,Dit is in het telefoongesprek van 21 juli 2022 en bij e-mail van 21 juli 2022 met u besproken.,is in het telefoongesprek met u besproken,"[9913, 9914]","[1469, 1543]","[1494, 1558]",contact,21 juli 2022,2022-07-21
9670,c: beslistermijn verdaagd,1578,1590,11 juli 2022,129,"Bij e-mail van 11 juli 2022 heb ik u voorts laten weten dat de beslistermijn aangaande uw verzoek, met toepassing van artikel 4.4., tweede lid, van de Woo met twee weken wordt verdaagd.","heb ik u voorts laten weten dat de beslistermijn aangaande uw verzoek, met toepassing van artikel 4.4., tweede lid, van de Woo met twee weken wordt verdaagd",[9916],[1591],[1747],beslistermijn verdaagd,11 juli 2022,2022-07-11
9676,c: besluit datum,109,123,5 januari 2022,126,"Wob-medewerker T 088 042 42 42 KPEU_Wob@rvo.nl Datum 5 januari 2022 Betreft Besluit op uw Wob-verzoek Onze referentie WOB/2021/265 Geachte mevrouw In uw brief van 2 november 2021 heeft u, met een beroep op de Wet openbaarheid van bestuur (hierna: Wob), verzocht om informatie.",Datum,[9919],[103],[108],besluit datum,5 januari 2022,2022-01-05
9677,c: verzoek datum,219,234,2 november 2021,126,"Wob-medewerker T 088 042 42 42 KPEU_Wob@rvo.nl Datum 5 januari 2022 Betreft Besluit op uw Wob-verzoek Onze referentie WOB/2021/265 Geachte mevrouw In uw brief van 2 november 2021 heeft u, met een beroep op de Wet openbaarheid van bestuur (hierna: Wob), verzocht om informatie.","heeft u, met een beroep op de Wet openbaarheid van bestuur (hierna: Wob), verzocht om informatie",[9920],[235],[331],verzoek datum,2 november 2021,2021-11-02
9679,c: ontvangst verzoek bevestigd,580,596,19 november 2021,126,"De ontvangst van uw verzoek is schriftelijk bevestigd bij brief van 19 november 2021, kenmerk Wob/2021/265.",ontvangst van uw verzoek is schriftelijk bevestigd bij brief,[9921],[515],[575],ontvangst verzoek bevestigd,19 november 2021,2021-11-19
9681,c: overig,729,745,18 november 2021,126,In uw brief van 18 november 2021 stelt u mij in gebreke omdat de beslistermijn is overschreden.,stelt u mij in gebreke omdat de beslistermijn is overschreden,[9922],[746],[807],overig,18 november 2021,2021-11-18
9685,c: contact,1036,1052,10 december 2021,126,Zienswijzen U bent er over geïnformeerd in de brief van 10 december 2021 dat er een derde-belanghebbende is bij de openbaarmaking van het document en dat deze in de gelegenheid is gesteld hierover zijn/haar zienswijze te geven.,bent er over geïnformeerd in de brief at er een derde-belanghebbende is bij de openbaarmaking van het document en dat deze in de gelegenheid is gesteld hierover zijn/haar zienswijze te geven,"[9924, 9925]","[994, 1054]","[1031, 1206]",contact,10 december 2021,2021-12-10
9775,c: besluit datum,169,182,22 april 2022,130,Datum 22 april 2022,Datum,[9939],[163],[168],besluit datum,22 april 2022,2022-04-22
9777,c: verzoek datum,502,514,9 maart 2022,130,"Betreft Besluit bij wob-verzoek d.d. 9 maart 2022 inzake het antwoord van de @minlnv.nl Minister op vraag 5 van Kamervragen van de leden Haverkort en Van Campen (VVD) over de fok en verkoop Ons kenmerk van kortsnuitige honden DGA-DAD / 22136966 Uw kenmerk 2022Z01743 Bijlage(n) Geachte mevrouw , 2 In uw e-mail van 9 maart 2022, heeft u met een beroep op de Wet openbaarheid van bestuur (hierna: Wob), informatie verzocht inzake het antwoord van de Minister op vraag 5 van Kamervragen van de leden Haverkort en Van Campen (VVD) over de fok en verkoop van kortsnuitige honden.","heeft u met een beroep op de Wet openbaarheid van bestuur (hierna: Wob), informatie verzoch",[9940],[516],[607],verzoek datum,9 maart 2022,2022-03-09
9778,c: ontvangst verzoek bevestigd,834,847,28 maart 2022,130,"De ontvangst van uw verzoek is schriftelijk bevestigd bij brief van 28 maart 2022, kenmerk 22125275.",ontvangst van uw verzoek is schriftelijk bevestigd bij brief,[9941],[769],[829],ontvangst verzoek bevestigd,28 maart 2022,2022-03-28
9781,c: besluit datum,232,247,11 januari 2022,149,Datum 11 januari 2022 T 070 10.2.e,Datum,[9944],[226],[231],besluit datum,11 januari 2022,2022-01-11
9783,c: verzoek datum,510,527,14 september 2021,149,"Ons kenmerk DGS / 21289083 Uw kenmerk U210108 Geachte mevrouw 10.2.e , Bijlage(n) 3 In uw brief van 14 september 2021 met kenmerk U210108, heeft u met een beroep op de Wet openbaarheid van bestuur (hierna: Wob) informatie verzocht inzake het voorstel intrekking vergunningen van boerenbedrijven (stikstofcrisis).",heeft u met een beroep op de Wet openbaarheid van bestuur (hierna: Wob) informatie verzocht,[9945],[549],[640],verzoek datum,14 september 2021,2021-09-14
9946,c: contact,753,789,16 november 2021 en 19 november 2021,149,"Over dit verzoek hebt u op 16 november 2021 en 19 november 2021 telefonisch contact gehad met een medewerker van mijn ministerie, te weten 10.2.e .",Over dit verzoek hebt u telefonisch contact gehad,"[9947, 9948]","[726, 790]","[749, 815]",contact,16 november 2021,2021-11-16
9786,c: ontvangst verzoek bevestigd,945,962,30 september 2021,149,De ontvangst van uw verzoek is schriftelijk bevestigd bij brief van 30 september 2021 kenmerk DGS / 21244934.,ontvangst van uw verzoek is schriftelijk bevestigd bij brief,[9949],[880],[940],ontvangst verzoek bevestigd,30 september 2021,2021-09-30
9994,c: besluit datum,98,111,26 april 2022,151,Datum 26 april 2022 8 juli 2020,Datum,[10047],[92],[97],besluit datum,26 april 2022,2022-04-26
9996,c: verzoek datum,146,157,8 juli 2020,151,", In uw brief van 8 juli 2020, ontvangen op 10 juli 2020, heeft u met een beroep op de Wet openbaarheid van bestuur (hierna: Wob) verzocht om informatie over de belasting op leidingwater.",heeft u met een beroep op de Wet openbaarheid van bestuur (hierna: Wob) verzocht om informatie,[10049],[186],[280],verzoek datum,8 juli 2020,2020-07-08
9997,c: verzoek ontvangen,172,184,10 juli 2020,151,", In uw brief van 8 juli 2020, ontvangen op 10 juli 2020, heeft u met een beroep op de Wet openbaarheid van bestuur (hierna: Wob) verzocht om informatie over de belasting op leidingwater.",ontvangen,[10048],[159],[168],verzoek ontvangen,10 juli 2020,2020-07-10
10003,c: ontvangst verzoek bevestigd,1510,1522,15 juli 2020,151,"De ontvangst van uw verzoek heb ik u schriftelijk bevestigd bij brief van 15 juli 2020, met kenmerk 2020-0000134220.",ontvangst van uw verzoek heb ik u schriftelijk bevestigd bij brief,[10050],[1439],[1505],ontvangst verzoek bevestigd,15 juli 2020,2020-07-15
10005,c: contact,1641,1657,23 februari 2021,151,Op 23 februari 2021 heeft u gesproken met medewerkers van mijn ministerie over de inhoud van uw verzoek.,heeft u gesproken met medewerkers van mijn ministerie over de inhoud van uw verzoek,[10051],[1658],[1741],contact,23 februari 2021,2021-02-23
10013,c: besluit datum,132,143,8 juli 2022,154,14 december 2021 Datum 8 juli 2022,Datum,[10130],[126],[131],besluit datum,8 juli 2022,2022-07-08
10014,c: verzoek datum,201,217,14 december 2021,154,", D – Openbaar te maken documenten In uw verzoek van 14 december 2021, door mij ontvangen op 21 december 2021, heeft u het Ministerie van Financiën gevraagd informatie openbaar te maken over het tot stand komen en formuleren van onderzoeksvraag 4 van het PricewaterhouseCoopers B.V. (hierna: PwC) onderzoek.",heeft u het Ministerie van Financiën gevraagd informatie openbaar te maken,[10129],[258],[333],verzoek datum,14 december 2021,2021-12-14
10015,c: verzoek ontvangen,241,257,21 december 2021,154,", D – Openbaar te maken documenten In uw verzoek van 14 december 2021, door mij ontvangen op 21 december 2021, heeft u het Ministerie van Financiën gevraagd informatie openbaar te maken over het tot stand komen en formuleren van onderzoeksvraag 4 van het PricewaterhouseCoopers B.V. (hierna: PwC) onderzoek.",ontvangen,[10128],[228],[237],verzoek ontvangen,21 december 2021,2021-12-21
10016,c: ontvangst verzoek bevestigd,533,549,28 december 2021,154,"De ontvangst van uw verzoek heb ik u schriftelijk bevestigd bij brief van 28 december 2021, met kenmerk 2021-0000268743.",ontvangst van uw verzoek heb ik u schriftelijk bevestigd bij brief,[10131],[462],[528],ontvangst verzoek bevestigd,28 december 2021,2021-12-28
10018,c: contact,686,701,25 januari 2022,154,Aan u is per brief van 25 januari 2022 aangeboden om met de betrokken medewerkers van het ministerie van Financiën in gesprek te gaan over uw verzoek(en).,aangeboden om met de betrokken medewerkers van het ministerie van Financiën in gesprek te gaan over uw verzoek(en),[10132],[702],[816],contact,25 januari 2022,2022-01-25
10019,c: inwerking treden van Woo,841,851,1 mei 2022,154,Wettelijk kader Per 1 mei 2022 is de Wob vervangen door de Wet open overheid (hierna: Woo).,is de Wob vervangen door de Wet open overheid (hierna: Woo),[10133],[852],[911],inwerking treden van Woo,1 mei 2022,2022-05-01
10079,c: besluit datum,154,166,7 april 2022,160,2500 EH Den Haag soverheid.nl/jenv Datum 7 april 2022,Datum,[10114],[148],[153],besluit datum,7 april 2022,2022-04-07
10080,c: verzoek datum,187,203,29 december 2021,160,"In uw brief van 29 december 2021, ontvangen op 30 december 2021, heeft u met een beroep op de Wet openbaarheid van bestuur (hierna: Wob) verzocht om correspondentie en stukken, waaronder interne communicatie, die is uitgewisseld met de Tweede Kamer of Kamerleden, de Raad voor de Rechtspraak, de Ministerraad, de minister-president, andere ministers, andere ministeries of het Outbreak Management team met betrekking tot het spoedadvies van de Raad voor de Rechtspraak verzonden aan de minister van Justitie en Veiligheid op 17 november 2021.",heeft u met een beroep op de Wet openbaarheid van bestuur (hierna: Wob) verzocht,[10116],[236],[316],verzoek datum,29 december 2021,2021-12-29
10081,c: verzoek ontvangen,218,234,30 december 2021,160,"In uw brief van 29 december 2021, ontvangen op 30 december 2021, heeft u met een beroep op de Wet openbaarheid van bestuur (hierna: Wob) verzocht om correspondentie en stukken, waaronder interne communicatie, die is uitgewisseld met de Tweede Kamer of Kamerleden, de Raad voor de Rechtspraak, de Ministerraad, de minister-president, andere ministers, andere ministeries of het Outbreak Management team met betrekking tot het spoedadvies van de Raad voor de Rechtspraak verzonden aan de minister van Justitie en Veiligheid op 17 november 2021.",ontvangen,[10115],[205],[214],verzoek ontvangen,30 december 2021,2021-12-30
10083,c: ontvangst verzoek bevestigd,793,808,11 januari 2022,160,"Contact De ontvangst van uw verzoek is schriftelijk bevestigd bij brief van 11 januari 2022, met kenmerk .",ontvangst van uw verzoek is schriftelijk bevestigd bij brief,[10117],[728],[788],ontvangst verzoek bevestigd,11 januari 2022,2022-01-11
10084,c: beslistermijn verdaagd,843,858,26 januari 2022,160,"In de brief van 26 januari 2022, met kenmerk is de beslistermijn met vier weken verdaagd.",is de beslistermijn met vier weken verdaagd,[10118],[872],[915],beslistermijn verdaagd,26 januari 2022,2022-01-26
10085,c: beslistermijn verdaagd,936,952,17 februari 2022,160,"In de brief van 17 februari 2022, met kenmerk is aan u medegedeeld dat de beslistermijn is opgeschort met twee weken vanwege het vragen van zienswijzen aan derden.",is aan u medegedeeld dat de beslistermijn is opgeschort met twee weken,[10119],[966],[1036],beslistermijn verdaagd,17 februari 2022,2022-02-17
10087,c: overig,1151,1163,7 maart 2022,160,Bij e-mail van 7 maart 2022 heeft u mij in gebreke gesteld.,heeft u mij in gebreke gesteld,[10120],[1164],[1194],overig,7 maart 2022,2022-03-07
10088,c: overig,1214,1227,21 maart 2022,160,Bij e-mail van 21 maart 2022 heeft u mij nogmaals in gebreke gesteld.,heeft u mij nogmaals in gebreke gesteld,[10121],[1228],[1267],overig,21 maart 2022,2022-03-21
10090,c: contact,1498,1514,17 februari 2022,160,"Ons kenmerk Zienswijzen U bent er over geïnformeerd in de brief van 17 februari 2022, met kenmerk dat er derde belanghebbenden zijn bij de openbaarmaking van de documenten en dat deze in de gelegenheid zijn gesteld hierover hun zienswijze te geven.",bent er over geïnformeerd in de brief dat er derde belanghebbenden zijn bij de openbaarmaking van de documenten en dat deze in de gelegenheid zijn gesteld hierover hun zienswijze te geven,"[10122, 10123]","[1456, 1528]","[1493, 1677]",contact,17 februari 2022,2022-02-17
10754,c: besluit datum,188,205,13 september 2022,259,"F 070 378 6100 (algemeen) www.rijksoverheid.nl/lnv Behandeld door 5.1.2.e Datum 13 september 2022 @minlnv.nl Betreft Besluit Woo-verzoek d.d. 19 november 2021 inzake de eiwittransitie Ons kenmerk Geachte 5.1.2.e , DGA-PAV / 22419730 Uw kenmerk In uw verzoek van 19 november 2021, door mij ontvangen op 19 november 2021, heeft u het ministerie van Landbouw, Natuur en Voedselkwaliteit gevraagd Bijlage(n) informatie openbaar te maken over de eiwittransitie, in het bijzonder rondom de kweek van insecten.",Datum,[10764],[182],[187],besluit datum,13 september 2022,2022-09-13
10756,c: verzoek datum,370,386,19 november 2021,259,"F 070 378 6100 (algemeen) www.rijksoverheid.nl/lnv Behandeld door 5.1.2.e Datum 13 september 2022 @minlnv.nl Betreft Besluit Woo-verzoek d.d. 19 november 2021 inzake de eiwittransitie Ons kenmerk Geachte 5.1.2.e , DGA-PAV / 22419730 Uw kenmerk In uw verzoek van 19 november 2021, door mij ontvangen op 19 november 2021, heeft u het ministerie van Landbouw, Natuur en Voedselkwaliteit gevraagd Bijlage(n) informatie openbaar te maken over de eiwittransitie, in het bijzonder rondom de kweek van insecten.","heeft u het ministerie van Landbouw, Natuur en Voedselkwaliteit gevraagd informatie openbaar te maken","[10766, 10767]","[428, 512]","[500, 540]",verzoek datum,19 november 2021,2021-11-19
10757,c: verzoek ontvangen,410,426,19 november 2021,259,"F 070 378 6100 (algemeen) www.rijksoverheid.nl/lnv Behandeld door 5.1.2.e Datum 13 september 2022 @minlnv.nl Betreft Besluit Woo-verzoek d.d. 19 november 2021 inzake de eiwittransitie Ons kenmerk Geachte 5.1.2.e , DGA-PAV / 22419730 Uw kenmerk In uw verzoek van 19 november 2021, door mij ontvangen op 19 november 2021, heeft u het ministerie van Landbouw, Natuur en Voedselkwaliteit gevraagd Bijlage(n) informatie openbaar te maken over de eiwittransitie, in het bijzonder rondom de kweek van insecten.",ontvangen,[10765],[397],[406],verzoek ontvangen,19 november 2021,2021-11-19
10758,c: ontvangst verzoek bevestigd,618,634,30 november 2021,259,Op 30 november 2021 heeft u bericht ontvangen dat uw verzoek in goede orde is ontvangen.,heeft u bericht ontvangen dat uw verzoek in goede orde is ontvangen,[10768],[635],[702],ontvangst verzoek bevestigd,30 november 2021,2021-11-30
